#
# A fatal error has been detected by the Java Runtime Environment:
#
#  SIGFPE (0x8) at pc=0x000000010305c92b, pid=17179, tid=259
#
# JRE version: OpenJDK Runtime Environment Zulu11.48+21-CA (11.0.11+9) (build 11.0.11+9-LTS)
# Java VM: OpenJDK 64-Bit Server VM Zulu11.48+21-CA (11.0.11+9-LTS, mixed mode, tiered, compressed oops, g1 gc, bsd-amd64)
# Problematic frame:
# C  [StataSE+0x79492b]
[error occurred during error reporting (printing problematic frame), id 0xe0000000, Internal Error (./src/hotspot/os/bsd/decoder_machO.hpp:43)]

# No core dump will be written. Core dumps have been disabled. To enable core dumping, try "ulimit -c unlimited" before starting Java again
#
# If you would like to submit a bug report, please visit:
#   http://www.azulsystems.com/support/
# The crash happened outside the Java Virtual Machine in native code.
# See problematic frame for where to report the bug.
#

---------------  S U M M A R Y ------------

Command Line: -Xmx2048M -Xss2M -XX:ErrorFile=/dev/null 

Host: MacBookPro17,1 x86_64 2400 MHz, 8 cores, 8G, Darwin 25.2.0
Time: Fri Feb 27 13:38:03 2026 CST elapsed time: 3178.138454 seconds (0d 0h 52m 58s)

---------------  T H R E A D  ---------------

Current thread (0x00007fecbd5b6000):  JavaThread "main" [_thread_in_native, id=259, stack(0x000000030c6d6000,0x000000030ced6000)]

Stack: [0x000000030c6d6000,0x000000030ced6000],  sp=0x000000030ced1ea0,  free space=8175k
Native frames: (J=compiled Java code, A=aot compiled Java code, j=interpreted, Vv=VM code, C=native code)
C  [StataSE+0x79492b]
[error occurred during error reporting (printing native stack), id 0xe0000000, Internal Error (./src/hotspot/os/bsd/decoder_machO.hpp:43)]


siginfo: si_signo: 8 (SIGFPE), si_code: 7 (FPE_INTDIV), si_addr: 0x000000010305c92b

Register to memory mapping:

RAX=0x0000000000000b27 is an unknown value
RBX=0x0 is NULL
RCX=0x0 is NULL
RDX=0x0 is NULL
RSP=0x000000030ced1ea0 is pointing into the stack for thread: 0x00007fecbd5b6000
RBP=0x000000030ced20f0 is pointing into the stack for thread: 0x00007fecbd5b6000
RSI=0x00007fece880d0a8 points into unknown readable memory: 0xa3a3a3a3a3a3a3a3 | a3 a3 a3 a3 a3 a3 a3 a3
RDI=0x0000600004ecaa90 points into unknown readable memory: 0x011dfff8580c3d31 | 31 3d 0c 58 f8 ff 1d 01
R8 =0x00007ff8580ceb90: _NSAPCache+0 in /System/Library/Frameworks/Foundation.framework/Versions/C/Foundation at 0x00007ff818874000
R9 =0x0 is NULL
R10=0x00007ff8580c3d30: OBJC_CLASS_$_NSAutoreleasePool+0 in /System/Library/Frameworks/Foundation.framework/Versions/C/Foundation at 0x00007ff818874000
R11=0x00007ff818882924: -[NSAutoreleasePool release]+0 in /System/Library/Frameworks/Foundation.framework/Versions/C/Foundation at 0x00007ff818874000
R12=0x0 is NULL
R13=0x0000600004ecaa90 points into unknown readable memory: 0x011dfff8580c3d31 | 31 3d 0c 58 f8 ff 1d 01
R14=0x0000000000000169 is an unknown value
R15=0x00007fece0130000 points into unknown readable memory: 0x0000000000000000 | 00 00 00 00 00 00 00 00


Registers:
RAX=0x0000000000000b27, RBX=0x0000000000000000, RCX=0x0000000000000000, RDX=0x0000000000000000
RSP=0x000000030ced1ea0, RBP=0x000000030ced20f0, RSI=0x00007fece880d0a8, RDI=0x0000600004ecaa90
R8 =0x00007ff8580ceb90, R9 =0x0000000000000000, R10=0x00007ff8580c3d30, R11=0x00007ff818882924
R12=0x0000000000000000, R13=0x0000600004ecaa90, R14=0x0000000000000169, R15=0x00007fece0130000
RIP=0x000000010305c92b, EFLAGS=0x0000000000000247, ERR=0x0000000000000000
  TRAPNO=0x0000000000000000

Top of Stack: (sp=0x000000030ced1ea0)
0x000000030ced1ea0:   00007ff81767a9e7 0000000000000818
0x000000030ced1eb0:   0000000000000000 00007ff800000b27
0x000000030ced1ec0:   00007fecea609880 00007feca87c5650
0x000000030ced1ed0:   00007fecea425c20 00007fec88708300
0x000000030ced1ee0:   00007fecea1b4ce0 00006000019ecda0
0x000000030ced1ef0:   0000000000000000 0000000000000000
0x000000030ced1f00:   0000000000000000 00007ff81769491e
0x000000030ced1f10:   00007ff817454140 000060000964aee0
0x000000030ced1f20:   a3a3a3a3a3a3a3a3 0000000000000001
0x000000030ced1f30:   0000000000000000 000060000964aee0
0x000000030ced1f40:   000000030ced1f90 00007ff81769487c
0x000000030ced1f50:   0000000000000000 000060000964aee0
0x000000030ced1f60:   00007ff8580b6030 7c8730b49a4c00bb
0x000000030ced1f70:   00007fece880d000 a3a3a3a3a3a3a3a3
0x000000030ced1f80:   00007fece880d0b0 000060000964aee0
0x000000030ced1f90:   000000030ced1fd0 00007ff8171f100a
0x000000030ced1fa0:   7c8730b49a4c00bb 00007fece880d0b0
0x000000030ced1fb0:   f7717c61400fb681 00007ff8171eb1c0
0x000000030ced1fc0:   00007fece880d000 0000000000000000
0x000000030ced1fd0:   000000030ced1ff0 00007ff8171ee4c9
0x000000030ced1fe0:   00007fece880d0b0 00007ff8370d83c3
0x000000030ced1ff0:   000000030ced2010 00007ff8176a9589
0x000000030ced2000:   7c8730b49a4c00bb 0000600004ec27c0
0x000000030ced2010:   000000030ced2050 00007ff8188829b8
0x000000030ced2020:   000000030ced2050 00006000019ecda0
0x000000030ced2030:   00007ff8580c37b8 7c8730b49a4c00bb
0x000000030ced2040:   7c8730b49a4c00bb 00007fece880d0a8
0x000000030ced2050:   0000000000000000 00007fece0130000
0x000000030ced2060:   00007fece880d000 00007ff8171eb1c0
0x000000030ced2070:   000000030ced2090 00007ff8171ee4c9
0x000000030ced2080:   00007ff817454140 0000600004ec08d0
0x000000030ced2090:   0000000000000000 00007fece0130000 

Instructions: (pc=0x000000010305c92b)
0x000000010305c82b:   75 1d 41 8b 85 e8 83 00 00 29 d8 89 c1 f7 d9 0f
0x000000010305c83b:   4c c8 83 f9 01 7f 08 41 c6 85 70 0a 00 00 00 49
0x000000010305c84b:   8b 7d 00 48 8b 35 eb 86 47 02 48 8b 45 c8 48 8b
0x000000010305c85b:   4d c0 48 8b 55 b0 48 8b 5d b8 50 51 53 52 ff 15
0x000000010305c86b:   79 c3 3a 02 48 83 c4 20 4c 89 f7 ff 15 74 c3 3a
0x000000010305c87b:   02 48 83 c4 58 5b 41 5c 41 5d 41 5e 41 5f 5d c3
0x000000010305c88b:   0f 1f 44 00 00 55 48 89 e5 41 57 41 56 41 55 41
0x000000010305c89b:   54 53 48 81 ec 28 02 00 00 89 95 c8 fd ff ff 41
0x000000010305c8ab:   89 f6 49 89 ff 48 8b 05 19 c2 3a 02 48 8b 00 48
0x000000010305c8bb:   89 45 d0 48 8b 3d e3 e7 47 02 e8 30 f0 7e 00 48
0x000000010305c8cb:   8b 35 3f 75 47 02 48 8b 1d 10 c3 3a 02 48 89 c7
0x000000010305c8db:   ff d3 49 89 c5 49 8b 3f 48 8b 35 1e b6 47 02 ff
0x000000010305c8eb:   d3 49 89 c4 48 8b 3d 0a ea 47 02 48 8b 35 3b 87
0x000000010305c8fb:   47 02 ff d3 48 8b 35 62 7e 47 02 4c 89 e7 48 89
0x000000010305c90b:   c2 ff d3 89 c3 4c 89 ef ff 15 d7 c2 3a 02 45 31
0x000000010305c91b:   e4 84 db 0f 85 26 02 00 00 8b 85 c8 fd ff ff 99
0x000000010305c92b:   41 f7 bf 4c 0a 00 00 41 8a 8f 98 0b 00 00 84 c9
0x000000010305c93b:   4c 89 fb 75 0e 48 8b 93 68 0a 00 00 44 8b 62 30
0x000000010305c94b:   41 ff cc 41 01 c4 44 2b b3 60 0a 00 00 44 89 f0
0x000000010305c95b:   99 f7 bb 54 0a 00 00 41 89 c6 84 c9 4c 8b 3d 7a
0x000000010305c96b:   c2 3a 02 74 22 48 8b bb 68 0a 00 00 41 ff c4 44
0x000000010305c97b:   89 e6 31 d2 e8 1c cd cf ff 48 85 c0 48 89 9d c8
0x000000010305c98b:   fd ff ff 75 22 eb 72 48 8b bb 68 0a 00 00 41 ff
0x000000010305c99b:   c4 44 89 e6 31 d2 e8 7a bd a5 ff 48 85 c0 48 89
0x000000010305c9ab:   9d c8 fd ff ff 74 52 48 83 c0 0c 48 8d 95 bc fd
0x000000010305c9bb:   ff ff 48 89 c7 44 89 f6 e8 58 f0 f0 ff 48 85 c0
0x000000010305c9cb:   74 37 41 b4 01 80 7b 08 00 0f 84 b2 00 00 00 48
0x000000010305c9db:   8d b5 d0 fd ff ff 48 89 c7 e8 f7 f0 f0 ff 8b 95
0x000000010305c9eb:   d0 fd ff ff 45 31 ed 48 89 df 48 89 c6 31 c9 e8
0x000000010305c9fb:   d1 01 00 00 e9 8b 00 00 00 41 b5 01 80 7b 08 00
0x000000010305ca0b:   74 7a 48 8d 35 55 c9 f5 02 48 8d bd d0 fd ff ff
0x000000010305ca1b:   ba fe 01 00 00 e8 e1 eb 7e 00 c6 85 d0 fd ff ff 


Stack slot to memory mapping:
stack at sp + 0 slots: 0x00007ff81767a9e7: __chkstk_darwin+0x17 in /System/Library/Frameworks/CoreFoundation.framework/Versions/A/CoreFoundation at 0x00007ff817677000
stack at sp + 1 slots: 0x0000000000000818 is an unknown value
stack at sp + 2 slots: 0x0 is NULL
stack at sp + 3 slots: 0x00007ff800000b27 is an unknown value
stack at sp + 4 slots: 0x00007fecea609880 points into unknown readable memory: 0x043de00003c8ee27 | 27 ee c8 03 00 e0 3d 04
stack at sp + 5 slots: 0x00007feca87c5650 points into unknown readable memory: 0x043de00003c8ee27 | 27 ee c8 03 00 e0 3d 04
stack at sp + 6 slots: 0x00007fecea425c20 points into unknown readable memory: 0x043de00003c8ee27 | 27 ee c8 03 00 e0 3d 04
stack at sp + 7 slots: 0x00007fec88708300 points into unknown readable memory: 0x013dfff85842d967 | 67 d9 42 58 f8 ff 3d 01


---------------  P R O C E S S  ---------------

Threads class SMR info:
_java_thread_list=0x0000600005190d80, length=9, elements={
0x00007fecbd5b6000, 0x00007fecebbca800, 0x00007fecbd746000, 0x00007fecebc64800,
0x00007fecebb1a000, 0x00007feceb0cc800, 0x00007fecebb93000, 0x00007fecbd74f800,
0x00007fecbd7e9000
}

Java Threads: ( => current thread )
=>0x00007fecbd5b6000 JavaThread "main" [_thread_in_native, id=259, stack(0x000000030c6d6000,0x000000030ced6000)]
  0x00007fecebbca800 JavaThread "Reference Handler" daemon [_thread_blocked, id=139967, stack(0x000000030d925000,0x000000030db25000)]
  0x00007fecbd746000 JavaThread "Finalizer" daemon [_thread_blocked, id=145151, stack(0x000000030db28000,0x000000030dd28000)]
  0x00007fecebc64800 JavaThread "Signal Dispatcher" daemon [_thread_blocked, id=93631, stack(0x000000030dd2b000,0x000000030df2b000)]
  0x00007fecebb1a000 JavaThread "Service Thread" daemon [_thread_blocked, id=156491, stack(0x000000030df2e000,0x000000030e12e000)]
  0x00007feceb0cc800 JavaThread "C2 CompilerThread0" daemon [_thread_blocked, id=123563, stack(0x000000030e131000,0x000000030e231000)]
  0x00007fecebb93000 JavaThread "C1 CompilerThread0" daemon [_thread_blocked, id=132959, stack(0x000000030e234000,0x000000030e334000)]
  0x00007fecbd74f800 JavaThread "Sweeper thread" daemon [_thread_blocked, id=157239, stack(0x000000030e337000,0x000000030e537000)]
  0x00007fecbd7e9000 JavaThread "Common-Cleaner" daemon [_thread_blocked, id=171395, stack(0x000000030e63d000,0x000000030e83d000)]

Other Threads:
  0x00007feceb9c4800 VMThread "VM Thread" [stack: 0x000000030d822000,0x000000030d922000] [id=133459]
  0x00007fecbd7d4800 WatcherThread [stack: 0x000000030e53a000,0x000000030e63a000] [id=146355]
  0x00007fecbd563000 GCTaskThread "GC Thread#0" [stack: 0x000000030d313000,0x000000030d413000] [id=167391]
  0x00007feceb9a9800 GCTaskThread "GC Thread#1" [stack: 0x000000030eddd000,0x000000030eedd000] [id=191027]
  0x00007feceb82b800 GCTaskThread "GC Thread#2" [stack: 0x000000030eee0000,0x000000030efe0000] [id=233683]
  0x00007fecbd4b7000 ConcurrentGCThread "G1 Main Marker" [stack: 0x000000030d416000,0x000000030d516000] [id=63559]
  0x00007fecbd1c7800 ConcurrentGCThread "G1 Conc#0" [stack: 0x000000030d519000,0x000000030d619000] [id=167747]
  0x00007fecbd708800 ConcurrentGCThread "G1 Refine#0" [stack: 0x000000030d61c000,0x000000030d71c000] [id=108343]
  0x00007fecbd709800 ConcurrentGCThread "G1 Young RemSet Sampling" [stack: 0x000000030d71f000,0x000000030d81f000] [id=8491]

Threads with active compile tasks:

VM state:not at safepoint (normal execution)

VM Mutex/Monitor currently owned by a thread: None

Heap address: 0x0000000780000000, size: 2048 MB, Compressed Oops mode: Zero based, Oop shift amount: 3
Narrow klass base: 0x0000000800000000, Narrow klass shift: 0
Compressed class space size: 1073741824 Address: 0x0000000800000000

Heap:
 garbage-first heap   total 17408K, used 4339K [0x0000000780000000, 0x0000000800000000)
  region size 1024K, 1 young (1024K), 0 survivors (0K)
 Metaspace       used 7286K, capacity 7377K, committed 7808K, reserved 1056768K
  class space    used 730K, capacity 777K, committed 896K, reserved 1048576K
Heap Regions: E=young(eden), S=young(survivor), O=old, HS=humongous(starts), HC=humongous(continues), CS=collection set, F=free, A=archive, TAMS=top-at-mark-start (previous, next)
|   0|0x0000000780000000, 0x0000000780100000, 0x0000000780100000|100%|HS|  |TAMS 0x0000000780000000, 0x0000000780000000| Untracked 
|   1|0x0000000780100000, 0x00000007801ffec8, 0x0000000780200000| 99%| O|  |TAMS 0x0000000780100000, 0x0000000780100000| Untracked 
|   2|0x0000000780200000, 0x0000000780300000, 0x0000000780300000|100%|HS|  |TAMS 0x0000000780200000, 0x0000000780200000| Untracked 
|   3|0x0000000780300000, 0x0000000780400000, 0x0000000780400000|100%|HC|  |TAMS 0x0000000780300000, 0x0000000780300000| Untracked 
|   4|0x0000000780400000, 0x000000078043d008, 0x0000000780500000| 23%| O|  |TAMS 0x0000000780400000, 0x0000000780400000| Untracked 
|   5|0x0000000780500000, 0x0000000780500000, 0x0000000780600000|  0%| F|  |TAMS 0x0000000780500000, 0x0000000780500000| Untracked 
|   6|0x0000000780600000, 0x0000000780600000, 0x0000000780700000|  0%| F|  |TAMS 0x0000000780600000, 0x0000000780600000| Untracked 
|   7|0x0000000780700000, 0x0000000780700000, 0x0000000780800000|  0%| F|  |TAMS 0x0000000780700000, 0x0000000780700000| Untracked 
|   8|0x0000000780800000, 0x0000000780800000, 0x0000000780900000|  0%| F|  |TAMS 0x0000000780800000, 0x0000000780800000| Untracked 
|   9|0x0000000780900000, 0x0000000780900000, 0x0000000780a00000|  0%| F|  |TAMS 0x0000000780900000, 0x0000000780900000| Untracked 
|  10|0x0000000780a00000, 0x0000000780a00000, 0x0000000780b00000|  0%| F|  |TAMS 0x0000000780a00000, 0x0000000780a00000| Untracked 
|  11|0x0000000780b00000, 0x0000000780b00000, 0x0000000780c00000|  0%| F|  |TAMS 0x0000000780b00000, 0x0000000780b00000| Untracked 
|  12|0x0000000780c00000, 0x0000000780c00000, 0x0000000780d00000|  0%| F|  |TAMS 0x0000000780c00000, 0x0000000780c00000| Untracked 
|  13|0x0000000780d00000, 0x0000000780d00000, 0x0000000780e00000|  0%| F|  |TAMS 0x0000000780d00000, 0x0000000780d00000| Untracked 
|  14|0x0000000780e00000, 0x0000000780e00000, 0x0000000780f00000|  0%| F|  |TAMS 0x0000000780e00000, 0x0000000780e00000| Untracked 
|  15|0x0000000780f00000, 0x0000000780f00000, 0x0000000781000000|  0%| F|  |TAMS 0x0000000780f00000, 0x0000000780f00000| Untracked 
|  16|0x0000000781000000, 0x0000000781011158, 0x0000000781100000|  6%| E|  |TAMS 0x0000000781000000, 0x0000000781000000| Complete 

Card table byte_map: [0x0000000133c56000,0x0000000134056000] _byte_map_base: 0x0000000130056000

Marking Bits (Prev, Next): (CMBitMap*) 0x00007fecbd55d018, (CMBitMap*) 0x00007fecbd55d050
 Prev Bits: [0x000000014b936000, 0x000000014d936000)
 Next Bits: [0x000000014d936000, 0x000000014f936000)

Polling page: 0x0000000121017000

Metaspace:

Usage:
  Non-class:      6.45 MB capacity,     6.40 MB (>99%) used,    38.92 KB ( <1%) free+waste,     5.44 KB ( <1%) overhead. 
      Class:    777.00 KB capacity,   730.89 KB ( 94%) used,    43.30 KB (  6%) free+waste,     2.81 KB ( <1%) overhead. 
       Both:      7.20 MB capacity,     7.12 MB ( 99%) used,    82.22 KB (  1%) free+waste,     8.25 KB ( <1%) overhead. 

Virtual space:
  Non-class space:        8.00 MB reserved,       6.75 MB ( 84%) committed 
      Class space:        1.00 GB reserved,     896.00 KB ( <1%) committed 
             Both:        1.01 GB reserved,       7.62 MB ( <1%) committed 

Chunk freelists:
   Non-Class:  160.00 KB
       Class:  119.00 KB
        Both:  279.00 KB

MaxMetaspaceSize: unlimited
CompressedClassSpaceSize: 1.00 GB

CodeHeap 'non-profiled nmethods': size=120032Kb used=144Kb max_used=144Kb free=119887Kb
 bounds [0x00000001443fe000, 0x000000014466e000, 0x000000014b936000]
CodeHeap 'profiled nmethods': size=120028Kb used=813Kb max_used=813Kb free=119214Kb
 bounds [0x000000013cec7000, 0x000000013d137000, 0x00000001443fe000]
CodeHeap 'non-nmethods': size=5700Kb used=1070Kb max_used=1081Kb free=4629Kb
 bounds [0x000000013c936000, 0x000000013cba6000, 0x000000013cec7000]
 total_blobs=925 nmethods=535 adapters=304
 compilation: enabled
              stopped_count=0, restarted_count=0
 full_count=0

Compilation events (20 events):
Event: 2967.476 Thread 0x00007fecebb93000  518       3       java.lang.invoke.LambdaFormBuffer::changeName (149 bytes)
Event: 2967.476 Thread 0x00007fecebb93000 nmethod 518 0x000000013cf8c710 code [0x000000013cf8c900, 0x000000013cf8ce40]
Event: 2967.476 Thread 0x00007fecebb93000  519       3       java.lang.ref.SoftReference::<init> (13 bytes)
Event: 2967.476 Thread 0x00007fecebb93000 nmethod 519 0x000000013cf8d010 code [0x000000013cf8d1e0, 0x000000013cf8d4f0]
Event: 2967.477 Thread 0x00007feceb0cc800  521       4       java.lang.invoke.LambdaForm$Name::replaceNames (174 bytes)
Event: 2967.477 Thread 0x00007fecebb93000  523       3       jdk.internal.org.objectweb.asm.MethodWriter::visitInsn (114 bytes)
Event: 2967.477 Thread 0x00007fecebb93000 nmethod 523 0x000000013cf8d610 code [0x000000013cf8d800, 0x000000013cf8dc00]
Event: 2967.477 Thread 0x00007fecebb93000  526       3       java.lang.invoke.MethodHandles$Lookup::checkAccess (228 bytes)
Event: 2967.478 Thread 0x00007fecebb93000 nmethod 526 0x000000013cf8dd90 code [0x000000013cf8e120, 0x000000013cf8f730]
Event: 2967.478 Thread 0x00007fecebb93000  524       3       jdk.internal.org.objectweb.asm.Frame::<init> (5 bytes)
Event: 2967.478 Thread 0x00007fecebb93000 nmethod 524 0x000000013cf8fd90 code [0x000000013cf8ff40, 0x000000013cf90090]
Event: 2967.478 Thread 0x00007fecebb93000  528       3       java.lang.invoke.LambdaForm::uncustomize (57 bytes)
Event: 2967.479 Thread 0x00007fecebb93000 nmethod 528 0x000000013cf90190 code [0x000000013cf90360, 0x000000013cf90660]
Event: 2967.514 Thread 0x00007feceb0cc800 nmethod 521 0x000000014441fa10 code [0x000000014441fd60, 0x0000000144420f98]
Event: 2967.523 Thread 0x00007fecebb93000  530       3       java.lang.invoke.MethodHandles$Lookup::checkSecurityManager (104 bytes)
Event: 2967.524 Thread 0x00007fecebb93000 nmethod 530 0x000000013cf90790 code [0x000000013cf90a80, 0x000000013cf91960]
Event: 2967.524 Thread 0x00007feceb0cc800  531       4       java.util.concurrent.ConcurrentHashMap::spread (10 bytes)
Event: 2967.524 Thread 0x00007fecebb93000  532       3       java.lang.ref.ReferenceQueue::reallyPoll (65 bytes)
Event: 2967.524 Thread 0x00007feceb0cc800 nmethod 531 0x0000000144421990 code [0x0000000144421b20, 0x0000000144421b78]
Event: 2967.524 Thread 0x00007fecebb93000 nmethod 532 0x000000013cf91e10 code [0x000000013cf92000, 0x000000013cf92530]

GC Heap History (8 events):
Event: 2967.488 GC heap before
{Heap before GC invocations=0 (full 0):
 garbage-first heap   total 131072K, used 14336K [0x0000000780000000, 0x0000000800000000)
  region size 1024K, 6 young (6144K), 0 survivors (0K)
 Metaspace       used 7353K, capacity 7589K, committed 7808K, reserved 1056768K
  class space    used 751K, capacity 877K, committed 896K, reserved 1048576K
}
Event: 2967.503 GC heap after
{Heap after GC invocations=1 (full 1):
 garbage-first heap   total 20480K, used 4427K [0x0000000780000000, 0x0000000800000000)
  region size 1024K, 0 young (0K), 0 survivors (0K)
 Metaspace       used 7240K, capacity 7411K, committed 7808K, reserved 1056768K
  class space    used 741K, capacity 835K, committed 896K, reserved 1048576K
}
Event: 2967.504 GC heap before
{Heap before GC invocations=1 (full 1):
 garbage-first heap   total 20480K, used 4427K [0x0000000780000000, 0x0000000800000000)
  region size 1024K, 0 young (0K), 0 survivors (0K)
 Metaspace       used 7240K, capacity 7411K, committed 7808K, reserved 1056768K
  class space    used 741K, capacity 835K, committed 896K, reserved 1048576K
}
Event: 2967.508 GC heap after
{Heap after GC invocations=2 (full 2):
 garbage-first heap   total 17408K, used 4339K [0x0000000780000000, 0x0000000800000000)
  region size 1024K, 0 young (0K), 0 survivors (0K)
 Metaspace       used 7136K, capacity 7249K, committed 7808K, reserved 1056768K
  class space    used 712K, capacity 777K, committed 896K, reserved 1048576K
}
Event: 2967.509 GC heap before
{Heap before GC invocations=2 (full 2):
 garbage-first heap   total 17408K, used 4339K [0x0000000780000000, 0x0000000800000000)
  region size 1024K, 0 young (0K), 0 survivors (0K)
 Metaspace       used 7136K, capacity 7249K, committed 7808K, reserved 1056768K
  class space    used 712K, capacity 777K, committed 896K, reserved 1048576K
}
Event: 2967.513 GC heap after
{Heap after GC invocations=3 (full 3):
 garbage-first heap   total 17408K, used 4339K [0x0000000780000000, 0x0000000800000000)
  region size 1024K, 0 young (0K), 0 survivors (0K)
 Metaspace       used 7136K, capacity 7249K, committed 7808K, reserved 1056768K
  class space    used 712K, capacity 777K, committed 896K, reserved 1048576K
}
Event: 3014.005 GC heap before
{Heap before GC invocations=3 (full 3):
 garbage-first heap   total 17408K, used 4339K [0x0000000780000000, 0x0000000800000000)
  region size 1024K, 1 young (1024K), 0 survivors (0K)
 Metaspace       used 7286K, capacity 7377K, committed 7808K, reserved 1056768K
  class space    used 730K, capacity 777K, committed 896K, reserved 1048576K
}
Event: 3014.021 GC heap after
{Heap after GC invocations=4 (full 4):
 garbage-first heap   total 17408K, used 4339K [0x0000000780000000, 0x0000000800000000)
  region size 1024K, 0 young (0K), 0 survivors (0K)
 Metaspace       used 7286K, capacity 7377K, committed 7808K, reserved 1056768K
  class space    used 730K, capacity 777K, committed 896K, reserved 1048576K
}

Deoptimization events (0 events):
No events

Classes redefined (0 events):
No events

Internal exceptions (11 events):
Event: 2967.017 Thread 0x00007fecbd5b6000 Exception <a 'java/lang/ClassNotFoundException'{0x0000000787c89928}: sun/awt/resources/spi/awtProvider> (0x0000000787c89928) thrown at [./src/hotspot/share/classfile/systemDictionary.cpp, line 234]
Event: 2967.294 Thread 0x00007fecbd5b6000 Exception <a 'java/io/FileNotFoundException'{0x0000000787b193c8}> (0x0000000787b193c8) thrown at [./src/hotspot/share/prims/jni.cpp, line 615]
Event: 2967.319 Thread 0x00007fecbd5b6000 Exception <a 'java/lang/NoSuchMethodError'{0x0000000787b740d0}: 'java.lang.Object java.lang.invoke.DirectMethodHandle$Holder.invokeStatic(java.lang.Object, java.lang.Object, java.lang.Object, java.lang.Object, java.lang.Object, java.lang.Object, java.lang.Object, java.lang.Object, java.lang.Object, java.lang.Object, java.lang.Object, java.lang.Object, java.lang.Object, java.lang.Object, java.lang.Object)'> (0x0000000787b740d0) thrown at [./src/hotspot/share/interpreter/linkResolver.cpp, line 773]
Event: 2967.327 Thread 0x00007fecbd5b6000 Exception <a 'java/lang/NoSuchMethodError'{0x0000000787b82088}: 'java.lang.Object java.lang.invoke.DirectMethodHandle$Holder.invokeStatic(java.lang.Object, java.lang.Object, java.lang.Object, java.lang.Object, java.lang.Object, java.lang.Object, java.lang.Object, java.lang.Object, java.lang.Object, java.lang.Object, java.lang.Object, java.lang.Object, java.lang.Object, java.lang.Object, java.lang.Object, java.lang.Object)'> (0x0000000787b82088) thrown at [./src/hotspot/share/interpreter/linkResolver.cpp, l
Event: 2967.329 Thread 0x00007fecbd5b6000 Exception <a 'java/lang/NoSuchMethodError'{0x0000000787b8fcf8}: 'java.lang.Object java.lang.invoke.DirectMethodHandle$Holder.invokeSpecial(java.lang.Object, java.lang.Object, int, int, java.lang.Object, java.lang.Object, java.lang.Object)'> (0x0000000787b8fcf8) thrown at [./src/hotspot/share/interpreter/linkResolver.cpp, line 773]
Event: 2967.329 Thread 0x00007fecbd5b6000 Exception <a 'java/lang/NoSuchMethodError'{0x0000000787b93288}: 'java.lang.Object java.lang.invoke.DelegatingMethodHandle$Holder.reinvoke_L(java.lang.Object, int, int, java.lang.Object, java.lang.Object, java.lang.Object)'> (0x0000000787b93288) thrown at [./src/hotspot/share/interpreter/linkResolver.cpp, line 773]
Event: 2967.330 Thread 0x00007fecbd5b6000 Exception <a 'java/lang/NoSuchMethodError'{0x0000000787b97368}: 'java.lang.Object java.lang.invoke.DirectMethodHandle$Holder.invokeStatic(java.lang.Object, java.lang.Object, java.lang.Object, java.lang.Object, int)'> (0x0000000787b97368) thrown at [./src/hotspot/share/interpreter/linkResolver.cpp, line 773]
Event: 2967.358 Thread 0x00007fecbd5b6000 Exception <a 'java/io/FileNotFoundException'{0x0000000787bf9ee8}> (0x0000000787bf9ee8) thrown at [./src/hotspot/share/prims/jni.cpp, line 615]
Event: 2967.385 Thread 0x00007fecbd5b6000 Exception <a 'java/lang/ClassNotFoundException'{0x0000000787bfe9b8}: sun/awt/resources/spi/awtosxProvider> (0x0000000787bfe9b8) thrown at [./src/hotspot/share/classfile/systemDictionary.cpp, line 234]
Event: 2967.443 Thread 0x00007fecbd5b6000 Exception <a 'java/lang/NoSuchMethodError'{0x0000000787a3c3d0}: 'java.lang.Object java.lang.invoke.DirectMethodHandle$Holder.invokeStatic(java.lang.Object, java.lang.Object, java.lang.Object, java.lang.Object, java.lang.Object, java.lang.Object, java.lang.Object, java.lang.Object, int)'> (0x0000000787a3c3d0) thrown at [./src/hotspot/share/interpreter/linkResolver.cpp, line 773]
Event: 2967.446 Thread 0x00007fecbd5b6000 Exception <a 'java/lang/NoSuchMethodError'{0x0000000787a564b0}: 'java.lang.Object java.lang.invoke.DirectMethodHandle$Holder.invokeStatic(java.lang.Object, java.lang.Object, java.lang.Object, java.lang.Object, java.lang.Object, java.lang.Object, java.lang.Object, java.lang.Object, int, int)'> (0x0000000787a564b0) thrown at [./src/hotspot/share/interpreter/linkResolver.cpp, line 773]

Events (20 events):
Event: 2968.527 loading class sun/awt/AppContext$PostShutdownEventRunnable
Event: 2968.528 loading class sun/awt/AppContext$PostShutdownEventRunnable done
Event: 2968.528 loading class sun/awt/AWTAutoShutdown$1
Event: 2968.528 loading class sun/awt/AWTAutoShutdown$1 done
Event: 2968.534 Protecting memory [0x000000030e9d7000,0x000000030e9db000] with protection modes 3
Event: 2968.534 Thread 0x00007feceb832000 Thread exited: 0x00007feceb832000
Event: 2968.534 Protecting memory [0x000000030ebda000,0x000000030ebde000] with protection modes 3
Event: 2968.535 Thread 0x00007feceba46800 Thread exited: 0x00007feceba46800
Event: 3013.992 Executing VM operation: RevokeBias
Event: 3013.993 Executing VM operation: RevokeBias done
Event: 3013.995 Thread 0x00007feceaa9d800 Thread added: 0x00007feceaa9d800
Event: 3013.996 Protecting memory [0x000000030e9d7000,0x000000030e9db000] with protection modes 0
Event: 3013.998 Thread 0x00007fece9edd800 Thread added: 0x00007fece9edd800
Event: 3013.998 Protecting memory [0x000000030ebda000,0x000000030ebde000] with protection modes 0
Event: 3013.998 Executing VM operation: G1CollectFull
Event: 3014.022 Executing VM operation: G1CollectFull done
Event: 3015.033 Protecting memory [0x000000030e9d7000,0x000000030e9db000] with protection modes 3
Event: 3015.033 Thread 0x00007feceaa9d800 Thread exited: 0x00007feceaa9d800
Event: 3015.033 Protecting memory [0x000000030ebda000,0x000000030ebde000] with protection modes 3
Event: 3015.033 Thread 0x00007fece9edd800 Thread exited: 0x00007fece9edd800


Dynamic libraries:
0x00000001106ba000 	/Applications/Stata/StataSE copy.app/Contents/Frameworks/Scintilla.framework/Versions/A/Scintilla
0x00007ff834a76000 	/System/Library/Frameworks/ApplicationServices.framework/Versions/A/ApplicationServices
0x00007ff81ddfd000 	/System/Library/Frameworks/CoreGraphics.framework/Versions/A/CoreGraphics
0x00007ff819f20000 	/System/Library/Frameworks/CoreText.framework/Versions/A/CoreText
0x00007ff824713000 	/System/Library/Frameworks/ImageIO.framework/Versions/A/ImageIO
0x00007ff81e71d000 	/System/Library/Frameworks/ColorSync.framework/Versions/A/ColorSync
0x00007ff82bd7b000 	/System/Library/Frameworks/ApplicationServices.framework/Versions/A/Frameworks/ATS.framework/Versions/A/ATS
0x00007ff83022a000 	/System/Library/Frameworks/CoreServices.framework/Versions/A/CoreServices
0x00007ff81e8c8000 	/System/Library/Frameworks/ApplicationServices.framework/Versions/A/Frameworks/HIServices.framework/Versions/A/HIServices
0x00007ff82a4c3000 	/System/Library/Frameworks/ApplicationServices.framework/Versions/A/Frameworks/PrintCore.framework/Versions/A/PrintCore
0x00007ff82c133000 	/System/Library/Frameworks/ApplicationServices.framework/Versions/A/Frameworks/QD.framework/Versions/A/QD
0x00007ff82c12f000 	/System/Library/Frameworks/ApplicationServices.framework/Versions/A/Frameworks/ColorSyncLegacy.framework/Versions/A/ColorSyncLegacy
0x00007ff82bd51000 	/System/Library/Frameworks/ApplicationServices.framework/Versions/A/Frameworks/SpeechSynthesis.framework/Versions/A/SpeechSynthesis
0x00007ff8277ab000 	/usr/lib/libSystem.B.dylib
0x00007ff81d8bb000 	/System/Library/PrivateFrameworks/SkyLight.framework/Versions/A/SkyLight
0x00007ff81f1c7000 	/System/Library/PrivateFrameworks/ProtocolBuffer.framework/Versions/A/ProtocolBuffer
0x00007ff8277b0000 	/System/Library/PrivateFrameworks/SoftLinking.framework/Versions/A/SoftLinking
0x00007ff81ad0b000 	/usr/lib/libicucore.A.dylib
0x00007ff820b79000 	/System/Library/PrivateFrameworks/CoreAnalytics.framework/Versions/A/CoreAnalytics
0x00007ff824116000 	/System/Library/PrivateFrameworks/FontServices.framework/libFontParser.dylib
0x00007ff83049d000 	/System/Library/Frameworks/Accelerate.framework/Versions/A/Accelerate
0x00007ff823c32000 	/System/Library/Frameworks/IOSurface.framework/Versions/A/IOSurface
0x00007ff822005000 	/usr/lib/libxml2.2.dylib
0x00007ff81d455000 	/System/Library/Frameworks/CFNetwork.framework/Versions/A/CFNetwork
0x00007ff817677000 	/System/Library/Frameworks/CoreFoundation.framework/Versions/A/CoreFoundation
0x00007ff818874000 	/System/Library/Frameworks/Foundation.framework/Versions/C/Foundation
0x00007ff8276b6000 	/usr/lib/libz.1.dylib
0x00007ff8171e5000 	/usr/lib/libobjc.A.dylib
0x00007ff817550000 	/usr/lib/libc++.1.dylib
0x00007ff81a90c000 	/System/Library/Frameworks/Security.framework/Versions/A/Security
0x00007ffb2eeb2000 	/System/Library/PrivateFrameworks/CollectionsInternal.framework/Versions/A/CollectionsInternal
0x00007ff82b506000 	/usr/lib/swift/libswiftCore.dylib
0x00007ff922a43000 	/usr/lib/swift/libswiftCoreFoundation.dylib
0x00007ff832220000 	/usr/lib/swift/libswiftDispatch.dylib
0x00007ff922a91000 	/usr/lib/swift/libswiftIOKit.dylib
0x00007ff834ff6000 	/usr/lib/swift/libswiftObjectiveC.dylib
0x00007ff922a53000 	/usr/lib/swift/libswiftXPC.dylib
0x00007ffd30834000 	/usr/lib/swift/libswift_Builtin_float.dylib
0x00007ffb2c054000 	/System/Library/PrivateFrameworks/BiomeLibrary.framework/Versions/A/BiomeLibrary
0x00007ff81f46c000 	/System/Library/PrivateFrameworks/BaseBoard.framework/Versions/A/BaseBoard
0x00007ff83256a000 	/System/Library/PrivateFrameworks/BoardServices.framework/Versions/A/BoardServices
0x00007ff83434d000 	/System/Library/PrivateFrameworks/BackBoardServices.framework/Versions/A/BackBoardServices
0x00007ffb2bf7a000 	/System/Library/PrivateFrameworks/BackBoardHIDEventFoundation.framework/Versions/A/BackBoardHIDEventFoundation
0x00007ff8220e6000 	/System/Library/Frameworks/CoreVideo.framework/Versions/A/CoreVideo
0x00007ff820ba7000 	/usr/lib/libDiagnosticMessagesClient.dylib
0x00007ff819a1c000 	/System/Library/Frameworks/CoreDisplay.framework/Versions/A/CoreDisplay
0x00007ff826932000 	/usr/lib/libbsm.0.dylib
0x00007ff829cd7000 	/System/Library/Frameworks/VideoToolbox.framework/Versions/A/VideoToolbox
0x00007ff82799e000 	/System/Library/Frameworks/MetalPerformanceShaders.framework/Versions/A/MetalPerformanceShaders
0x00007ff82661b000 	/System/Library/PrivateFrameworks/IOMobileFramebuffer.framework/Versions/A/IOMobileFramebuffer
0x00007ffc32a8f000 	/System/Library/PrivateFrameworks/ProDisplayLibrary.framework/Versions/A/ProDisplayLibrary
0x00007ff915a99000 	/System/Library/PrivateFrameworks/IOSurfaceAccelerator.framework/Versions/A/IOSurfaceAccelerator
0x00007ff81f55e000 	/System/Library/PrivateFrameworks/RunningBoardServices.framework/Versions/A/RunningBoardServices
0x00007ff8184ff000 	/System/Library/Frameworks/SystemConfiguration.framework/Versions/A/SystemConfiguration
0x00007ff823c56000 	/System/Library/Frameworks/Metal.framework/Versions/A/Metal
0x00007ff823c4d000 	/System/Library/PrivateFrameworks/IOAccelerator.framework/Versions/A/IOAccelerator
0x00007ff823f70000 	/System/Library/Frameworks/CoreMedia.framework/Versions/A/CoreMedia
0x00007ff81d899000 	/System/Library/PrivateFrameworks/TCC.framework/Versions/A/TCC
0x00007ff81d806000 	/usr/lib/libMobileGestalt.dylib
0x00007ff829c90000 	/System/Library/PrivateFrameworks/WatchdogClient.framework/Versions/A/WatchdogClient
0x00007ff82184c000 	/System/Library/Frameworks/QuartzCore.framework/Versions/A/QuartzCore
0x00007ff81b331000 	/System/Library/Frameworks/IOKit.framework/Versions/A/IOKit
0x00007ff8279a6000 	/usr/lib/libcompression.dylib
0x00007ff829c92000 	/System/Library/PrivateFrameworks/MultitouchSupport.framework/Versions/A/MultitouchSupport
0x00007ffa1fc45000 	/usr/lib/swift/libswiftOSLog.dylib
0x00007ff834ffa000 	/usr/lib/swift/libswiftos.dylib
0x00007ff9266dc000 	/usr/lib/swift/libswiftsimd.dylib
0x00007ff9319cd000 	/System/Library/PrivateFrameworks/BiomeStreams.framework/Versions/A/BiomeStreams
0x00007ffa17a89000 	/System/Library/PrivateFrameworks/BiomeStorage.framework/Versions/A/BiomeStorage
0x00007ff92d8a3000 	/System/Library/PrivateFrameworks/BiomeFoundation.framework/Versions/A/BiomeFoundation
0x00007ffc2517c000 	/System/Library/PrivateFrameworks/IntelligencePlatformLibrary.framework/Versions/A/IntelligencePlatformLibrary
0x00007ff81f1e3000 	/usr/lib/libsqlite3.dylib
0x00007ffc31eca000 	/System/Library/PrivateFrameworks/PoirotSchematizer.framework/Versions/A/PoirotSchematizer
0x00007ffb2c9aa000 	/System/Library/PrivateFrameworks/BiomeSync.framework/Versions/A/BiomeSync
0x00007ffb2c03b000 	/System/Library/PrivateFrameworks/BiomeDSL.framework/Versions/A/BiomeDSL
0x00007ffa17a28000 	/System/Library/PrivateFrameworks/BiomePubSub.framework/Versions/A/BiomePubSub
0x00007ff92290f000 	/System/Library/PrivateFrameworks/LoggingSupport.framework/Versions/A/LoggingSupport
0x00007ff836080000 	/System/Library/PrivateFrameworks/ProactiveSupport.framework/Versions/A/ProactiveSupport
0x00007ffa2fd23000 	/System/Library/PrivateFrameworks/FeatureFlags.framework/Versions/A/FeatureFlags
0x00007ffa284d8000 	/System/Library/PrivateFrameworks/InternalSwiftProtobuf.framework/Versions/A/InternalSwiftProtobuf
0x00007ffc31f38000 	/System/Library/PrivateFrameworks/PoirotUDFs.framework/Versions/A/PoirotUDFs
0x00007ffd3098b000 	/usr/lib/swift/libswift_StringProcessing.dylib
0x00007ff8277a5000 	/usr/lib/system/libcache.dylib
0x00007ff82775d000 	/usr/lib/system/libcommonCrypto.dylib
0x00007ff827787000 	/usr/lib/system/libcompiler_rt.dylib
0x00007ff82777b000 	/usr/lib/system/libcopyfile.dylib
0x00007ff81736f000 	/usr/lib/system/libcorecrypto.dylib
0x00007ff81747b000 	/usr/lib/system/libdispatch.dylib
0x00007ff81722a000 	/usr/lib/system/libdyld.dylib
0x00007ff82779b000 	/usr/lib/system/libkeymgr.dylib
0x00007ff827742000 	/usr/lib/system/libmacho.dylib
0x00007ff82690d000 	/usr/lib/system/libquarantine.dylib
0x00007ff827798000 	/usr/lib/system/libremovefile.dylib
0x00007ff81d881000 	/usr/lib/system/libsystem_asl.dylib
0x00007ff8172f8000 	/usr/lib/system/libsystem_blocks.dylib
0x00007ff8174c6000 	/usr/lib/system/libsystem_c.dylib
0x00007ff82778f000 	/usr/lib/system/libsystem_collections.dylib
0x00007ff82506f000 	/usr/lib/system/libsystem_configuration.dylib
0x00007ff823bfb000 	/usr/lib/system/libsystem_containermanager.dylib
0x00007ff82720c000 	/usr/lib/system/libsystem_coreservices.dylib
0x00007ff81afb6000 	/usr/lib/system/libsystem_darwin.dylib
0x00007ffd30b71000 	/usr/lib/system/libsystem_darwindirectory.dylib
0x00007ff82779c000 	/usr/lib/system/libsystem_dnssd.dylib
0x00007ffd30b76000 	/usr/lib/system/libsystem_eligibility.dylib
0x00007ff8174c3000 	/usr/lib/system/libsystem_featureflags.dylib
0x00007ff817648000 	/usr/lib/system/libsystem_info.dylib
0x00007ff8276ca000 	/usr/lib/system/libsystem_m.dylib
0x00007ff81742e000 	/usr/lib/system/libsystem_malloc.dylib
0x00007ff81d7eb000 	/usr/lib/system/libsystem_networkextension.dylib
0x00007ff81b3fe000 	/usr/lib/system/libsystem_notify.dylib
0x00007ff825073000 	/usr/lib/system/libsystem_sandbox.dylib
0x00007ffd30b80000 	/usr/lib/system/libsystem_sanitizers.dylib
0x00007ff827794000 	/usr/lib/system/libsystem_secinit.dylib
0x00007ff8175f3000 	/usr/lib/system/libsystem_kernel.dylib
0x00007ff81763e000 	/usr/lib/system/libsystem_platform.dylib
0x00007ff817631000 	/usr/lib/system/libsystem_pthread.dylib
0x00007ff81f648000 	/usr/lib/system/libsystem_symptoms.dylib
0x00007ff81734f000 	/usr/lib/system/libsystem_trace.dylib
0x00007ffd30b89000 	/usr/lib/system/libsystem_trial.dylib
0x00007ff82776a000 	/usr/lib/system/libunwind.dylib
0x00007ff8172fc000 	/usr/lib/system/libxpc.dylib
0x00007ff8175db000 	/usr/lib/libc++abi.dylib
0x00007ffd2f372000 	/usr/lib/libRosetta.dylib
0x00007ffd3041d000 	/usr/lib/libswiftPrespecialized.dylib
0x00007ff821fbb000 	/System/Library/PrivateFrameworks/CoreAutoLayout.framework/Versions/A/CoreAutoLayout
0x00007ff8277ad000 	/usr/lib/libfakelink.dylib
0x00007ff820c95000 	/System/Library/Frameworks/DiskArbitration.framework/Versions/A/DiskArbitration
0x00007ff8277fe000 	/usr/lib/libarchive.2.dylib
0x00007ff825080000 	/usr/lib/liblangid.dylib
0x00007ff82dcfd000 	/System/Library/Frameworks/Combine.framework/Versions/A/Combine
0x00007ffc33872000 	/System/Library/PrivateFrameworks/ReflectionInternal.framework/Versions/A/ReflectionInternal
0x00007ffc345b4000 	/System/Library/PrivateFrameworks/RuntimeInternal.framework/Versions/A/RuntimeInternal
0x00007ff91fb4f000 	/usr/lib/swift/libswiftDarwin.dylib
0x00007ffd30806000 	/usr/lib/swift/libswiftSystem.dylib
0x00007ffd30837000 	/usr/lib/swift/libswift_Concurrency.dylib
0x00007ffd308a4000 	/usr/lib/swift/libswift_DarwinFoundation1.dylib
0x00007ff81b2b0000 	/System/Library/PrivateFrameworks/CoreServicesInternal.framework/Versions/A/CoreServicesInternal
0x00007ff827773000 	/usr/lib/liboah.dylib
0x00007ff83452d000 	/System/Library/PrivateFrameworks/DiskImages.framework/Versions/A/DiskImages
0x00007ff91f613000 	/System/Library/Frameworks/NetFS.framework/Versions/A/NetFS
0x00007ff821f83000 	/System/Library/Frameworks/CoreServices.framework/Versions/A/Frameworks/FSEvents.framework/Versions/A/FSEvents
0x00007ff81afc1000 	/System/Library/Frameworks/CoreServices.framework/Versions/A/Frameworks/CarbonCore.framework/Versions/A/CarbonCore
0x00007ff820c0b000 	/System/Library/Frameworks/CoreServices.framework/Versions/A/Frameworks/Metadata.framework/Versions/A/Metadata
0x00007ff827213000 	/System/Library/Frameworks/CoreServices.framework/Versions/A/Frameworks/OSServices.framework/Versions/A/OSServices
0x00007ff8278d9000 	/System/Library/Frameworks/CoreServices.framework/Versions/A/Frameworks/SearchKit.framework/Versions/A/SearchKit
0x00007ff81f5c6000 	/System/Library/Frameworks/CoreServices.framework/Versions/A/Frameworks/AE.framework/Versions/A/AE
0x00007ff817b31000 	/System/Library/Frameworks/CoreServices.framework/Versions/A/Frameworks/LaunchServices.framework/Versions/A/LaunchServices
0x00007ff828f15000 	/System/Library/Frameworks/CoreServices.framework/Versions/A/Frameworks/DictionaryServices.framework/Versions/A/DictionaryServices
0x00007ff821f91000 	/System/Library/Frameworks/CoreServices.framework/Versions/A/Frameworks/SharedFileList.framework/Versions/A/SharedFileList
0x00007ff82795b000 	/usr/lib/libapple_nghttp2.dylib
0x00007ff834767000 	/System/Library/PrivateFrameworks/AppSupport.framework/Versions/A/AppSupport
0x00007ff82c169000 	/System/Library/Frameworks/GSS.framework/Versions/A/GSS
0x00007ff82a5f4000 	/System/Library/PrivateFrameworks/InternationalSupport.framework/Versions/A/InternationalSupport
0x00007ff834f83000 	/System/Library/PrivateFrameworks/StreamingZip.framework/Versions/A/StreamingZip
0x00007ff81d805000 	/usr/lib/libenergytrace.dylib
0x00007ff81f650000 	/System/Library/Frameworks/Network.framework/Versions/A/Network
0x00007ff827746000 	/usr/lib/system/libkxld.dylib
0x00007ffb2ac41000 	/System/Library/PrivateFrameworks/AppleKeyStore.framework/Versions/A/AppleKeyStore
0x00007ffd2f0ca000 	/usr/lib/libCoreEntitlements.dylib
0x00007ffc2a26e000 	/System/Library/PrivateFrameworks/MessageSecurity.framework/Versions/A/MessageSecurity
0x00007ff8312c9000 	/System/Library/PrivateFrameworks/SymptomDiagnosticReporter.framework/Versions/A/SymptomDiagnosticReporter
0x00007ff829315000 	/System/Library/PrivateFrameworks/CrashReporterSupport.framework/Versions/A/CrashReporterSupport
0x00007ff8271f2000 	/System/Library/PrivateFrameworks/AppleFSCompression.framework/Versions/A/AppleFSCompression
0x00007ff82691a000 	/usr/lib/libcoretls.dylib
0x00007ff828f84000 	/usr/lib/libcoretls_cfhelpers.dylib
0x00007ff8279a0000 	/usr/lib/libpam.2.dylib
0x00007ff828ffd000 	/usr/lib/libxar.1.dylib
0x00007ff828f86000 	/System/Library/PrivateFrameworks/APFS.framework/Versions/A/APFS
0x00007ffd1de91000 	/System/Library/PrivateFrameworks/SwiftASN1Internal.framework/Versions/A/SwiftASN1Internal
0x00007ff82900b000 	/usr/lib/libutil.dylib
0x00007ff82507b000 	/System/Library/PrivateFrameworks/AppleSystemInfo.framework/Versions/A/AppleSystemInfo
0x00007ff82c1c1000 	/System/Library/PrivateFrameworks/MobileAsset.framework/Versions/A/MobileAsset
0x00007ff8312d8000 	/System/Library/PrivateFrameworks/PowerLog.framework/Versions/A/PowerLog
0x00007ffb248c3000 	/System/Library/Frameworks/SwiftData.framework/Versions/A/SwiftData
0x00007ff81ce4b000 	/System/Library/Frameworks/UniformTypeIdentifiers.framework/Versions/A/UniformTypeIdentifiers
0x00007ff82219b000 	/System/Library/PrivateFrameworks/UserManagement.framework/Versions/A/UserManagement
0x00007ff81d378000 	/usr/lib/libboringssl.dylib
0x00007ff81f637000 	/usr/lib/libdns_services.dylib
0x00007ff9219ba000 	/usr/lib/libquic.dylib
0x00007ff82b490000 	/usr/lib/libusrtcp.dylib
0x00007ffb2b9d3000 	/System/Library/PrivateFrameworks/AtomicsInternal.framework/Versions/A/AtomicsInternal
0x00007ffd30671000 	/usr/lib/swift/libswiftDistributed.dylib
0x00007ffd30697000 	/usr/lib/swift/libswiftObservation.dylib
0x00007ffd307fe000 	/usr/lib/swift/libswiftSynchronization.dylib
0x00007ff82507a000 	/System/Library/PrivateFrameworks/AggregateDictionary.framework/Versions/A/AggregateDictionary
0x00007ff81ed3d000 	/System/Library/Frameworks/CoreData.framework/Versions/A/CoreData
0x00007ff828f64000 	/usr/lib/liblzma.5.dylib
0x00007ff826821000 	/System/Library/PrivateFrameworks/MobileKeyBag.framework/Versions/A/MobileKeyBag
0x00007ff834a77000 	/System/Library/PrivateFrameworks/InternationalTextSearch.framework/Versions/A/InternationalTextSearch
0x00007ff92a098000 	/System/Library/PrivateFrameworks/SoftwareUpdateCoreSupport.framework/Versions/A/SoftwareUpdateCoreSupport
0x00007ff93235f000 	/System/Library/PrivateFrameworks/SoftwareUpdateCoreConnect.framework/Versions/A/SoftwareUpdateCoreConnect
0x00007ff834617000 	/System/Library/PrivateFrameworks/RemoteServiceDiscovery.framework/Versions/A/RemoteServiceDiscovery
0x00007ff929c75000 	/System/Library/PrivateFrameworks/MSUDataAccessor.framework/Versions/A/MSUDataAccessor
0x00007ff924c3b000 	/usr/lib/libbootpolicy.dylib
0x00007ff83462e000 	/System/Library/PrivateFrameworks/RemoteXPC.framework/Versions/A/RemoteXPC
0x00007ff93187d000 	/usr/lib/libFDR.dylib
0x00007ffa17682000 	/usr/lib/libamsupport.dylib
0x00007ffb2a4de000 	/System/Library/PrivateFrameworks/AppleDeviceQuerySupport.framework/Versions/A/AppleDeviceQuerySupport
0x00007ffa1a6f1000 	/usr/lib/libpartition2_dynamic.dylib
0x00007ff827939000 	/System/Library/PrivateFrameworks/AppleSauce.framework/Versions/A/AppleSauce
0x00007ffd2ef4a000 	/usr/lib/libAppleArchive.dylib
0x00007ff8271fd000 	/usr/lib/libbz2.1.0.dylib
0x00007ff820c9d000 	/System/Library/Frameworks/Accelerate.framework/Versions/A/Frameworks/vImage.framework/Versions/A/vImage
0x00007ff830200000 	/System/Library/Frameworks/Accelerate.framework/Versions/A/Frameworks/vecLib.framework/Versions/A/vecLib
0x00007ff829040000 	/System/Library/Frameworks/Accelerate.framework/Versions/A/Frameworks/vecLib.framework/Versions/A/libvMisc.dylib
0x00007ff818047000 	/System/Library/Frameworks/Accelerate.framework/Versions/A/Frameworks/vecLib.framework/Versions/A/libBLAS.dylib
0x00007ffb1ccbf000 	/System/Library/Frameworks/OpenGL.framework/Versions/A/OpenGL
0x00007ff930a2f000 	/usr/lib/swift/libswiftMetal.dylib
0x00007ffa1a4f2000 	/usr/lib/swift/libswiftUniformTypeIdentifiers.dylib
0x00007ffc1c755000 	/System/Library/PrivateFrameworks/GPUCompiler.framework/Versions/32023/Libraries/libllvm-flatbuffers.dylib
0x00007ffc16ebc000 	/System/Library/PrivateFrameworks/FramePacing.framework/Versions/A/FramePacing
0x00007ffb1ccb3000 	/System/Library/Frameworks/OpenGL.framework/Versions/A/Libraries/libCoreFSCache.dylib
0x00007ffc17e2a000 	/System/Library/PrivateFrameworks/GPUCompiler.framework/Versions/32023/Libraries/libGPUCompilerUtils.dylib
0x00007ffb1cd11000 	/System/Library/Frameworks/OpenGL.framework/Versions/A/Libraries/libGLU.dylib
0x00007ffb1ccd2000 	/System/Library/Frameworks/OpenGL.framework/Versions/A/Libraries/libGFXShared.dylib
0x00007ffb1ced1000 	/System/Library/Frameworks/OpenGL.framework/Versions/A/Libraries/libGL.dylib
0x00007ffb1ccdb000 	/System/Library/Frameworks/OpenGL.framework/Versions/A/Libraries/libGLImage.dylib
0x00007ffb1cccf000 	/System/Library/Frameworks/OpenGL.framework/Versions/A/Libraries/libCVMSPluginSupport.dylib
0x00007ffb1ccba000 	/System/Library/Frameworks/OpenGL.framework/Versions/A/Libraries/libCoreVMClient.dylib
0x00007ff8263ef000 	/System/Library/Frameworks/Accelerate.framework/Versions/A/Frameworks/vecLib.framework/Versions/A/libvDSP.dylib
0x00007ff827a8b000 	/System/Library/Frameworks/Accelerate.framework/Versions/A/Frameworks/vecLib.framework/Versions/A/libLAPACK.dylib
0x00007ff8269a0000 	/System/Library/Frameworks/Accelerate.framework/Versions/A/Frameworks/vecLib.framework/Versions/A/libLinearAlgebra.dylib
0x00007ff827975000 	/System/Library/Frameworks/Accelerate.framework/Versions/A/Frameworks/vecLib.framework/Versions/A/libSparseBLAS.dylib
0x00007ff827a85000 	/System/Library/Frameworks/Accelerate.framework/Versions/A/Frameworks/vecLib.framework/Versions/A/libQuadrature.dylib
0x00007ff825199000 	/System/Library/Frameworks/Accelerate.framework/Versions/A/Frameworks/vecLib.framework/Versions/A/libBNNS.dylib
0x00007ff818328000 	/System/Library/Frameworks/Accelerate.framework/Versions/A/Frameworks/vecLib.framework/Versions/A/libSparse.dylib
0x00007ffc26fd2000 	/System/Library/PrivateFrameworks/MIL.framework/Versions/A/MIL
0x00007ff934942000 	/System/Library/PrivateFrameworks/OSAnalytics.framework/Versions/A/OSAnalytics
0x00007ffc14fbf000 	/System/Library/PrivateFrameworks/DeviceRecovery.framework/Versions/A/DeviceRecovery
0x00007ff832984000 	/System/Library/PrivateFrameworks/CoreSymbolication.framework/Versions/A/CoreSymbolication
0x00007ffa23be2000 	/System/Library/PrivateFrameworks/Symbolication.framework/Versions/A/Symbolication
0x00007ff832965000 	/System/Library/PrivateFrameworks/DebugSymbols.framework/Versions/A/DebugSymbols
0x00007ff9229a2000 	/System/Library/PrivateFrameworks/MallocStackLogging.framework/Versions/A/MallocStackLogging
0x00007ffd308df000 	/usr/lib/swift/libswift_RegexParser.dylib
0x00007ff8311b2000 	/System/Library/Frameworks/CoreBluetooth.framework/Versions/A/CoreBluetooth
0x00007ff82c331000 	/System/Library/PrivateFrameworks/CorePhoneNumbers.framework/Versions/A/CorePhoneNumbers
0x00007ff8277e6000 	/usr/lib/libiconv.2.dylib
0x00007ff827741000 	/usr/lib/libcharset.1.dylib
0x00007ffb1f8f9000 	/System/Library/Frameworks/ExtensionFoundation.framework/Versions/A/ExtensionFoundation
0x00007ff8297fa000 	/System/Library/PrivateFrameworks/AppServerSupport.framework/Versions/A/AppServerSupport
0x00007ff8295fa000 	/System/Library/PrivateFrameworks/IconServices.framework/Versions/A/IconServices
0x00007ff829466000 	/System/Library/PrivateFrameworks/PlugInKit.framework/Versions/A/PlugInKit
0x00007ff826837000 	/System/Library/PrivateFrameworks/AssertionServices.framework/Versions/A/AssertionServices
0x00007ffa1a501000 	/usr/lib/swift/libswiftAccelerate.dylib
0x00007ffa15bf3000 	/usr/lib/swift/libswiftQuartzCore.dylib
0x00007ff829b5d000 	/System/Library/PrivateFrameworks/AppleJPEG.framework/Versions/A/AppleJPEG
0x00007ff829576000 	/usr/lib/libexpat.1.dylib
0x00007ff82a38a000 	/System/Library/Frameworks/ImageIO.framework/Versions/A/Resources/libPng.dylib
0x00007ff82a3b9000 	/System/Library/Frameworks/ImageIO.framework/Versions/A/Resources/libTIFF.dylib
0x00007ff82a4ac000 	/System/Library/Frameworks/ImageIO.framework/Versions/A/Resources/libGIF.dylib
0x00007ff829ba9000 	/System/Library/Frameworks/ImageIO.framework/Versions/A/Resources/libJP2.dylib
0x00007ff8291de000 	/usr/lib/libate.dylib
0x00007ff82a44c000 	/System/Library/Frameworks/ImageIO.framework/Versions/A/Resources/libJPEG.dylib
0x00007ff82a443000 	/System/Library/Frameworks/ImageIO.framework/Versions/A/Resources/libRadiance.dylib
0x00007ff82959b000 	/System/Library/PrivateFrameworks/IconFoundation.framework/Versions/A/IconFoundation
0x00007ffc225ff000 	/System/Library/PrivateFrameworks/IconRendering.framework/Versions/A/IconRendering
0x00007ff821c89000 	/System/Library/PrivateFrameworks/CoreUI.framework/Versions/A/CoreUI
0x00007ff824a59000 	/System/Library/Frameworks/CoreImage.framework/Versions/A/CoreImage
0x00007ffc34735000 	/System/Library/PrivateFrameworks/SFSymbols.framework/Versions/A/SFSymbols
0x00007ffb1f7da000 	/System/Library/Frameworks/DeveloperToolsSupport.framework/Versions/A/DeveloperToolsSupport
0x00007ff919f11000 	/System/Library/PrivateFrameworks/RenderBox.framework/Versions/A/RenderBox
0x00007ff8246d8000 	/System/Library/PrivateFrameworks/CoreSVG.framework/Versions/A/CoreSVG
0x00007ff82a536000 	/System/Library/PrivateFrameworks/TextureIO.framework/Versions/A/TextureIO
0x00007ff922a90000 	/usr/lib/swift/libswiftCoreImage.dylib
0x00007ffb1d97e000 	/System/Library/Frameworks/OpenCL.framework/Versions/A/OpenCL
0x00007ff8297a1000 	/System/Library/PrivateFrameworks/GraphVisualizer.framework/Versions/A/GraphVisualizer
0x00007ffc16dc7000 	/System/Library/PrivateFrameworks/FontServices.framework/Versions/A/FontServices
0x00007ff8297b4000 	/System/Library/PrivateFrameworks/OTSVG.framework/Versions/A/OTSVG
0x00007ff821c3c000 	/System/Library/Frameworks/ApplicationServices.framework/Versions/A/Frameworks/ATS.framework/Versions/A/Resources/libFontRegistry.dylib
0x00007ffd2f9da000 	/usr/lib/libhvf.dylib
0x00007ffc2ee24000 	/System/Library/PrivateFrameworks/ParsingInternal.framework/Versions/A/ParsingInternal
0x00007ffc16dcb000 	/System/Library/PrivateFrameworks/FontServices.framework/libXTFontStaticRegistryData.dylib
0x00007ff824fb3000 	/System/Library/Frameworks/MetalPerformanceShaders.framework/Versions/A/Frameworks/MPSCore.framework/Versions/A/MPSCore
0x00007ff82714d000 	/System/Library/Frameworks/MetalPerformanceShaders.framework/Versions/A/Frameworks/MPSImage.framework/Versions/A/MPSImage
0x00007ff8269b6000 	/System/Library/Frameworks/MetalPerformanceShaders.framework/Versions/A/Frameworks/MPSNeuralNetwork.framework/Versions/A/MPSNeuralNetwork
0x00007ff826f14000 	/System/Library/Frameworks/MetalPerformanceShaders.framework/Versions/A/Frameworks/MPSMatrix.framework/Versions/A/MPSMatrix
0x00007ff826cca000 	/System/Library/Frameworks/MetalPerformanceShaders.framework/Versions/A/Frameworks/MPSRayIntersector.framework/Versions/A/MPSRayIntersector
0x00007ff826f53000 	/System/Library/Frameworks/MetalPerformanceShaders.framework/Versions/A/Frameworks/MPSNDArray.framework/Versions/A/MPSNDArray
0x00007ffb2189e000 	/System/Library/Frameworks/MetalPerformanceShaders.framework/Versions/A/Frameworks/MPSFunctions.framework/Versions/A/MPSFunctions
0x00007ffb2187e000 	/System/Library/Frameworks/MetalPerformanceShaders.framework/Versions/A/Frameworks/MPSBenchmarkLoop.framework/Versions/A/MPSBenchmarkLoop
0x00007ff817e54000 	/System/Library/PrivateFrameworks/MetalTools.framework/Versions/A/MetalTools
0x00007ff927ed5000 	/System/Library/PrivateFrameworks/IOAccelMemoryInfo.framework/Versions/A/IOAccelMemoryInfo
0x00007ffa15ffe000 	/System/Library/PrivateFrameworks/kperf.framework/Versions/A/kperf
0x00007ff922a25000 	/System/Library/PrivateFrameworks/GPURawCounter.framework/Versions/A/GPURawCounter
0x00007ffc31ac5000 	/System/Library/PrivateFrameworks/PhotosensitivityProcessing.framework/Versions/A/PhotosensitivityProcessing
0x00007ff82a47d000 	/System/Library/Frameworks/ApplicationServices.framework/Versions/A/Frameworks/ATSUI.framework/Versions/A/ATSUI
0x00007ff82baf4000 	/System/Library/Frameworks/AudioToolbox.framework/Versions/A/AudioToolbox
0x00007ff819b4a000 	/System/Library/PrivateFrameworks/AudioToolboxCore.framework/Versions/A/AudioToolboxCore
0x00007ff82bcbf000 	/System/Library/PrivateFrameworks/AudioSession.framework/Versions/A/AudioSession
0x00007ff914f02000 	/System/Library/Frameworks/CoreMIDI.framework/Versions/A/CoreMIDI
0x00007ff82bd39000 	/usr/lib/libAudioStatistics.dylib
0x00007ff823f4b000 	/System/Library/PrivateFrameworks/caulk.framework/Versions/A/caulk
0x00007ff81a163000 	/System/Library/Frameworks/CoreAudio.framework/Versions/A/CoreAudio
0x00007ff82a368000 	/usr/lib/libAudioToolboxUtility.dylib
0x00007ff922a29000 	/usr/lib/swift/libswiftCoreAudio.dylib
0x00007ff9294fa000 	/usr/lib/swift/libswiftCoreMIDI.dylib
0x00007ff82c13d000 	/System/Library/PrivateFrameworks/perfdata.framework/Versions/A/perfdata
0x00007ff921aab000 	/System/Library/PrivateFrameworks/SystemPolicy.framework/Versions/A/SystemPolicy
0x00007ff82bfe0000 	/usr/lib/libSMC.dylib
0x00007ff82c14b000 	/usr/lib/libperfcheck.dylib
0x00007ffb2ba89000 	/System/Library/PrivateFrameworks/AudioAnalytics.framework/Versions/A/AudioAnalytics
0x00007ffd308a8000 	/usr/lib/swift/libswift_DarwinFoundation2.dylib
0x00007ffd308a9000 	/usr/lib/swift/libswift_DarwinFoundation3.dylib
0x00007ffa281e5000 	/System/Library/Frameworks/OSLog.framework/Versions/A/OSLog
0x00007ff9229d2000 	/usr/lib/libmis.dylib
0x00007ff832aa2000 	/System/Library/PrivateFrameworks/CoreTime.framework/Versions/A/CoreTime
0x00007ff8296bd000 	/System/Library/PrivateFrameworks/MediaExperience.framework/Versions/A/MediaExperience
0x00007ff82baa4000 	/System/Library/PrivateFrameworks/AudioSession.framework/libSessionUtility.dylib
0x00007ff82a4b2000 	/System/Library/PrivateFrameworks/CMCaptureCore.framework/Versions/A/CMCaptureCore
0x00007ff829808000 	/usr/lib/libspindump.dylib
0x00007ff8266aa000 	/System/Library/PrivateFrameworks/CoreUtils.framework/Versions/A/CoreUtils
0x00007ff91ac2b000 	/System/Library/PrivateFrameworks/HID.framework/Versions/A/HID
0x00007ffb3467c000 	/System/Library/PrivateFrameworks/CoreUtilsExtras.framework/Versions/A/CoreUtilsExtras
0x00007ffc2255c000 	/System/Library/PrivateFrameworks/IO80211.framework/Versions/A/IO80211
0x00007ff82da70000 	/System/Library/Frameworks/IOBluetooth.framework/Versions/A/IOBluetooth
0x00007ff930a3c000 	/usr/lib/swift/libswiftCompression.dylib
0x00007ffb2b6c3000 	/System/Library/PrivateFrameworks/ArgumentParserInternal.framework/Versions/A/ArgumentParserInternal
0x00007ff82930c000 	/usr/lib/libIOReport.dylib
0x00007ff826844000 	/System/Library/Frameworks/SecurityFoundation.framework/Versions/A/SecurityFoundation
0x00007ff81821b000 	/System/Library/PrivateFrameworks/Lexicon.framework/Versions/A/Lexicon
0x00007ff83248a000 	/System/Library/PrivateFrameworks/FrontBoardServices.framework/Versions/A/FrontBoardServices
0x00007ff82699d000 	/usr/lib/libgermantok.dylib
0x00007ff825192000 	/System/Library/PrivateFrameworks/LinguisticData.framework/Versions/A/LinguisticData
0x00007ff832636000 	/System/Library/PrivateFrameworks/GraphicsServices.framework/Versions/A/GraphicsServices
0x00007ff8313bb000 	/System/Library/PrivateFrameworks/MediaKit.framework/Versions/A/MediaKit
0x00007ff831315000 	/System/Library/Frameworks/DiscRecording.framework/Versions/A/DiscRecording
0x00007ff829592000 	/usr/lib/libheimdal-asn1.dylib
0x00007ff834f5e000 	/System/Library/Frameworks/AudioUnit.framework/Versions/A/AudioUnit
0x00007ff821f5b000 	/System/Library/Frameworks/OpenDirectory.framework/Versions/A/OpenDirectory
0x00007ff821f67000 	/System/Library/Frameworks/OpenDirectory.framework/Versions/A/Frameworks/CFOpenDirectory.framework/Versions/A/CFOpenDirectory
0x00007ffb1e0c8000 	/System/Library/Frameworks/AVFAudio.framework/Versions/A/AVFAudio
0x00007ff91bb7d000 	/usr/lib/libAccessibility.dylib
0x00007ffc25c95000 	/System/Library/PrivateFrameworks/IsolatedCoreAudioClient.framework/Versions/A/IsolatedCoreAudioClient
0x00007ffa1e445000 	/usr/lib/swift/libswiftCoreMedia.dylib
0x00007ffd2132c000 	/System/Library/PrivateFrameworks/Tightbeam.framework/Versions/A/Tightbeam
0x00007ffb30709000 	/System/Library/PrivateFrameworks/CoreAudioOrchestration.framework/Versions/A/CoreAudioOrchestration
0x00007ffa1abab000 	/System/Library/PrivateFrameworks/AFKUser.framework/Versions/A/AFKUser
0x00007ff8304ea000 	/System/Library/Frameworks/MediaAccessibility.framework/Versions/A/MediaAccessibility
0x00007ffd25201000 	/System/Library/PrivateFrameworks/VideoToolboxParavirtualizationSupport.framework/Versions/A/VideoToolboxParavirtualizationSupport
0x00007ff829528000 	/System/Library/PrivateFrameworks/AppleVA.framework/Versions/A/AppleVA
0x00007ff82a43c000 	/System/Library/PrivateFrameworks/GPUWrangler.framework/Versions/A/GPUWrangler
0x00007ff82a420000 	/System/Library/PrivateFrameworks/IOPresentment.framework/Versions/A/IOPresentment
0x00007ff82a446000 	/System/Library/PrivateFrameworks/DSExternalDisplay.framework/Versions/A/DSExternalDisplay
0x00007ffb2b525000 	/System/Library/PrivateFrameworks/AppleMobileFileIntegrity.framework/Versions/A/AppleMobileFileIntegrity
0x00007ffd2f3ef000 	/usr/lib/libTLE.dylib
0x00007ffb1829e000 	/System/Library/PrivateFrameworks/ConfigProfileHelper.framework/Versions/A/ConfigProfileHelper
0x00007ffa2de46000 	/usr/lib/libedit.3.dylib
0x00007ff927e9a000 	/usr/lib/libncurses.5.4.dylib
0x00007ff8265e6000 	/System/Library/PrivateFrameworks/CoreEmoji.framework/Versions/A/CoreEmoji
0x00007ff818585000 	/usr/lib/libCRFSuite.dylib
0x00007ff825082000 	/System/Library/PrivateFrameworks/CoreNLP.framework/Versions/A/CoreNLP
0x00007ff826942000 	/usr/lib/libmecab.dylib
0x00007ff827931000 	/usr/lib/libThaiTokenizer.dylib
0x00007ffb2ddb4000 	/System/Library/PrivateFrameworks/CascadeSets.framework/Versions/A/CascadeSets
0x00007ff82a8fd000 	/System/Library/PrivateFrameworks/DataDetectorsCore.framework/Versions/A/DataDetectorsCore
0x00007ffb1f7c8000 	/System/Library/Frameworks/DataDetection.framework/Versions/A/DataDetection
0x00007ff926909000 	/System/Library/PrivateFrameworks/TextInput.framework/Versions/A/TextInput
0x00007ffb1f364000 	/System/Library/Frameworks/CoreTransferable.framework/Versions/A/CoreTransferable
0x00007ff82c124000 	/System/Library/PrivateFrameworks/NetAuth.framework/Versions/A/NetAuth
0x00007ff82215b000 	/System/Library/PrivateFrameworks/login.framework/Versions/A/Frameworks/loginsupport.framework/Versions/A/loginsupport
0x00007ff81cc65000 	/System/Library/PrivateFrameworks/UIFoundation.framework/Versions/A/UIFoundation
0x00007ff82980f000 	/System/Library/PrivateFrameworks/Heimdal.framework/Versions/A/Heimdal
0x00007ff82bdbe000 	/usr/lib/libresolv.9.dylib
0x00007ff82c1b2000 	/System/Library/PrivateFrameworks/CommonAuth.framework/Versions/A/CommonAuth
0x00007ff826910000 	/usr/lib/libCheckFix.dylib
0x00007ff820ba9000 	/System/Library/PrivateFrameworks/MetadataUtilities.framework/Versions/A/MetadataUtilities
0x00007ffc22f19000 	/System/Library/PrivateFrameworks/InstalledContentLibrary.framework/Versions/A/InstalledContentLibrary
0x00007ff81b2f2000 	/System/Library/PrivateFrameworks/CoreServicesStore.framework/Versions/A/CoreServicesStore
0x00007ff821fb8000 	/usr/lib/libapp_launch_measurement.dylib
0x00007ffa160fc000 	/System/Library/PrivateFrameworks/MobileSystemServices.framework/Versions/A/MobileSystemServices
0x00007ff82900f000 	/usr/lib/libxslt.1.dylib
0x00007ff8268d3000 	/System/Library/PrivateFrameworks/BackgroundTaskManagement.framework/Versions/A/BackgroundTaskManagement
0x00007ff8346dd000 	/usr/lib/libcurl.4.dylib
0x00007ffd2f787000 	/usr/lib/libcrypto.46.dylib
0x00007ffd303aa000 	/usr/lib/libssl.48.dylib
0x00007ff8343bd000 	/System/Library/Frameworks/LDAP.framework/Versions/A/LDAP
0x00007ff82c15a000 	/System/Library/Frameworks/Kerberos.framework/Versions/A/Kerberos
0x00007ff8343f8000 	/System/Library/PrivateFrameworks/TrustEvaluationAgent.framework/Versions/A/TrustEvaluationAgent
0x00007ff82bddb000 	/usr/lib/libsasl2.2.dylib
0x00007ff834f5d000 	/System/Library/Frameworks/Kerberos.framework/Versions/A/Libraries/libHeimdalProxy.dylib
0x00007ffc31e9f000 	/System/Library/PrivateFrameworks/PoirotSQLite.framework/Versions/A/PoirotSQLite
0x00007ffa286b1000 	/System/Library/PrivateFrameworks/HIDDisplay.framework/Versions/A/HIDDisplay
0x00007ff82c0c1000 	/usr/lib/libcups.2.dylib
0x00007ff91ba96000 	/System/Library/PrivateFrameworks/AXCoreUtilities.framework/Versions/A/AXCoreUtilities
0x00007ff92b79d000 	/System/Library/PrivateFrameworks/AttributeGraph.framework/Versions/A/AttributeGraph
0x00007ffd2ee67000 	/usr/lib/libAXSafeCategoryBundle.dylib
0x00007ff915116000 	/System/Library/Frameworks/Cocoa.framework/Versions/A/Cocoa
0x00007ff81b46a000 	/System/Library/Frameworks/AppKit.framework/Versions/C/AppKit
0x00007ffb2ee8b000 	/System/Library/PrivateFrameworks/CollectionViewCore.framework/Versions/A/CollectionViewCore
0x00007ff8246d3000 	/System/Library/PrivateFrameworks/XCTTargetBootstrap.framework/Versions/A/XCTTargetBootstrap
0x00007ff82a946000 	/System/Library/PrivateFrameworks/UserActivity.framework/Versions/A/UserActivity
0x00007ffc16ec9000 	/System/Library/PrivateFrameworks/FrontBoard.framework/Versions/A/FrontBoard
0x00007ffd23052000 	/System/Library/PrivateFrameworks/UIIntelligenceSupport.framework/Versions/A/UIIntelligenceSupport
0x00007ffb24a15000 	/System/Library/Frameworks/SwiftUICore.framework/Versions/A/SwiftUICore
0x00007ffd28f4e000 	/System/Library/PrivateFrameworks/WritingTools.framework/Versions/A/WritingTools
0x00007ffd27ee2000 	/System/Library/PrivateFrameworks/WindowManagement.framework/Versions/A/WindowManagement
0x00007ffc16c22000 	/System/Library/PrivateFrameworks/FocusEngine.framework/Versions/A/FocusEngine
0x00007ffc14b90000 	/System/Library/PrivateFrameworks/DesignLibrary.framework/Versions/A/DesignLibrary
0x00007ff8246c0000 	/System/Library/PrivateFrameworks/DFRFoundation.framework/Versions/A/DFRFoundation
0x00007ffd23b40000 	/System/Library/PrivateFrameworks/UpdateCycle.framework/Versions/A/UpdateCycle
0x00007ff8243e1000 	/System/Library/Frameworks/Carbon.framework/Versions/A/Frameworks/HIToolbox.framework/Versions/A/HIToolbox
0x00007ff82fe10000 	/System/Library/Frameworks/Carbon.framework/Versions/A/Frameworks/SpeechRecognition.framework/Versions/A/SpeechRecognition
0x00007ff821f50000 	/System/Library/PrivateFrameworks/PerformanceAnalysis.framework/Versions/A/PerformanceAnalysis
0x00007ff8301a1000 	/System/Library/Frameworks/Accessibility.framework/Versions/A/Accessibility
0x00007ffb2590b000 	/System/Library/Frameworks/Symbols.framework/Versions/A/Symbols
0x00007ffc1fa0e000 	/System/Library/PrivateFrameworks/Gestures.framework/Versions/A/Gestures
0x00007ff91fb4e000 	/usr/lib/swift/libswiftCoreGraphics.dylib
0x00007ff830bb0000 	/usr/lib/swift/libswiftFoundation.dylib
0x00007ffb17c72000 	/usr/lib/swift/libswiftSwiftOnoneSupport.dylib
0x00007ffd30a14000 	/usr/lib/swift/libswiftsys_time.dylib
0x00007ffa24309000 	/System/Library/PrivateFrameworks/CoreMaterial.framework/Versions/A/CoreMaterial
0x00007ffd30753000 	/usr/lib/swift/libswiftSpatial.dylib
0x00007ffd2f3ee000 	/usr/lib/libSpatial.dylib
0x00007ffd2ed7e000 	/System/Library/SubFrameworks/UIUtilities.framework/Versions/A/UIUtilities
0x00007ffb1e365000 	/System/Library/Frameworks/AppIntents.framework/Versions/A/AppIntents
0x00007ffb24185000 	/System/Library/Frameworks/RelevanceKit.framework/Versions/A/RelevanceKit
0x00007ff827558000 	/System/Library/Frameworks/CoreSpotlight.framework/Versions/A/CoreSpotlight
0x00007ffc26b3c000 	/System/Library/PrivateFrameworks/LinkServices.framework/Versions/A/LinkServices
0x00007ffc1546c000 	/System/Library/PrivateFrameworks/DoNotDisturb.framework/Versions/A/DoNotDisturb
0x00007ffc269ba000 	/System/Library/PrivateFrameworks/LinkMetadata.framework/Versions/A/LinkMetadata
0x00007ff922a49000 	/usr/lib/swift/libswiftIntents.dylib
0x00007ff927ff0000 	/System/Library/PrivateFrameworks/IntentsCore.framework/Versions/A/IntentsCore
0x00007ffb2be62000 	/System/Library/PrivateFrameworks/AvailabilityKit.framework/Versions/A/AvailabilityKit
0x00007ffb292da000 	/System/Library/PrivateFrameworks/AppIntentSchemas.framework/Versions/A/AppIntentSchemas
0x00007ffc1cd3c000 	/System/Library/PrivateFrameworks/GRDBInternal.framework/Versions/A/GRDBInternal
0x00007ffd1d712000 	/System/Library/PrivateFrameworks/StatusKit.framework/Versions/A/StatusKit
0x00007ff831a9f000 	/System/Library/PrivateFrameworks/GenerationalStorage.framework/Versions/A/GenerationalStorage
0x00007ff8318c4000 	/System/Library/Frameworks/FileProvider.framework/Versions/A/FileProvider
0x00007ff81ce61000 	/System/Library/PrivateFrameworks/DesktopServicesPriv.framework/Versions/A/DesktopServicesPriv
0x00007ff81f3ca000 	/System/Library/Frameworks/Accounts.framework/Versions/A/Accounts
0x00007ff9224ef000 	/System/Library/PrivateFrameworks/FTServices.framework/Versions/A/FTServices
0x00007ff91abec000 	/System/Library/PrivateFrameworks/CloudServices.framework/Versions/A/CloudServices
0x00007ff833f33000 	/System/Library/PrivateFrameworks/CoreWiFi.framework/Versions/A/CoreWiFi
0x00007ff823946000 	/System/Library/Frameworks/CoreLocation.framework/Versions/A/CoreLocation
0x00007ff833861000 	/System/Library/Frameworks/Intents.framework/Versions/A/Intents
0x00007ffb266b9000 	/System/Library/Frameworks/_LocationEssentials.framework/Versions/A/_LocationEssentials
0x00007ff82ddbc000 	/System/Library/PrivateFrameworks/GeoServices.framework/Versions/A/GeoServices
0x00007ff82ba6d000 	/System/Library/PrivateFrameworks/LocationSupport.framework/Versions/A/LocationSupport
0x00007ffc1f83e000 	/System/Library/PrivateFrameworks/GeoServicesCore.framework/Versions/A/GeoServicesCore
0x00007ff91ba8c000 	/System/Library/PrivateFrameworks/PhoneNumbers.framework/Versions/A/PhoneNumbers
0x00007ff82750a000 	/System/Library/Frameworks/UserNotifications.framework/Versions/A/UserNotifications
0x00007ff82d6dc000 	/System/Library/PrivateFrameworks/Sharing.framework/Versions/A/Sharing
0x00007ff82d24f000 	/System/Library/PrivateFrameworks/IDSFoundation.framework/Versions/A/IDSFoundation
0x00007ff833f32000 	/System/Library/PrivateFrameworks/Apple80211.framework/Versions/A/Apple80211
0x00007ff82723f000 	/System/Library/PrivateFrameworks/AuthKit.framework/Versions/A/AuthKit
0x00007ff82662c000 	/System/Library/Frameworks/CoreWLAN.framework/Versions/A/CoreWLAN
0x00007ff9294de000 	/usr/lib/swift/libswiftCoreLocation.dylib
0x00007ff82b9fa000 	/System/Library/PrivateFrameworks/IMFoundation.framework/Versions/A/IMFoundation
0x00007ff91af33000 	/System/Library/PrivateFrameworks/Marco.framework/Versions/A/Marco
0x00007ff81f457000 	/System/Library/PrivateFrameworks/CommonUtilities.framework/Versions/A/CommonUtilities
0x00007ff917573000 	/System/Library/PrivateFrameworks/Engram.framework/Versions/A/Engram
0x00007ffd306b4000 	/usr/lib/swift/libswiftRegexBuilder.dylib
0x00007ff917515000 	/usr/lib/libtidy.A.dylib
0x00007ff829ae5000 	/System/Library/PrivateFrameworks/Bom.framework/Versions/A/Bom
0x00007ff82bdfb000 	/usr/lib/libParallelCompression.dylib
0x00007ffa2fda1000 	/System/Library/PrivateFrameworks/WiFiPeerToPeer.framework/Versions/A/WiFiPeerToPeer
0x00007ffd2feba000 	/usr/lib/libmrc.dylib
0x00007ffc225cd000 	/System/Library/PrivateFrameworks/IPConfiguration.framework/Versions/A/IPConfiguration
0x00007ffa242ce000 	/System/Library/PrivateFrameworks/Netrb.framework/Versions/A/Netrb
0x00007ff82bdee000 	/System/Library/PrivateFrameworks/MultiverseSupport.framework/Versions/A/MultiverseSupport
0x00007ff8313ee000 	/System/Library/PrivateFrameworks/DiskManagement.framework/Versions/A/DiskManagement
0x00007ff831308000 	/System/Library/PrivateFrameworks/AppleIDAuthSupport.framework/Versions/A/AppleIDAuthSupport
0x00007ffb26d57000 	/System/Library/PrivateFrameworks/AAAFoundation.framework/Versions/A/AAAFoundation
0x00007ff82c2ef000 	/System/Library/PrivateFrameworks/KeychainCircle.framework/Versions/A/KeychainCircle
0x00007ff91ba8d000 	/System/Library/PrivateFrameworks/URLFormatting.framework/Versions/A/URLFormatting
0x00007ff8346d2000 	/usr/lib/libcsfde.dylib
0x00007ff8294b1000 	/usr/lib/libCoreStorage.dylib
0x00007ff82db44000 	/System/Library/PrivateFrameworks/ProtectedCloudStorage.framework/Versions/A/ProtectedCloudStorage
0x00007ff8346ce000 	/System/Library/PrivateFrameworks/EFILogin.framework/Versions/A/EFILogin
0x00007ff831ac9000 	/System/Library/PrivateFrameworks/OctagonTrust.framework/Versions/A/OctagonTrust
0x00007ff82d06b000 	/System/Library/PrivateFrameworks/IDS.framework/Versions/A/IDS
0x00007ffa2b0c4000 	/System/Library/Frameworks/CryptoKit.framework/Versions/A/CryptoKit
0x00007ff834f59000 	/System/Library/PrivateFrameworks/CryptoKitCBridging.framework/Versions/A/CryptoKitCBridging
0x00007ff832646000 	/System/Library/Frameworks/CryptoTokenKit.framework/Versions/A/CryptoTokenKit
0x00007ff9313b8000 	/System/Library/PrivateFrameworks/FTAWD.framework/Versions/A/FTAWD
0x00007ff81b410000 	/usr/lib/libsandbox.1.dylib
0x00007ff8294a9000 	/usr/lib/libMatch.1.dylib
0x00007ffc26ed0000 	/System/Library/PrivateFrameworks/LocationLogEncryption.framework/Versions/A/LocationLogEncryption
0x00007ff835016000 	/System/Library/PrivateFrameworks/IntentsFoundation.framework/Versions/A/IntentsFoundation
0x00007ff821e2a000 	/System/Library/PrivateFrameworks/ViewBridge.framework/Versions/A/ViewBridge
0x000000011e128000 	/usr/lib/libobjc-trampolines.dylib
0x00007ffb265f1000 	/System/Library/Frameworks/_AppIntents_AppKit.framework/Versions/A/_AppIntents_AppKit
0x00007ff9294c1000 	/System/Library/Frameworks/Accelerate.framework/Versions/A/Frameworks/vImage.framework/Versions/A/Libraries/libCGInterfaces.dylib
0x00007ff92c752000 	/System/Library/CoreServices/RawCamera.bundle/Contents/MacOS/RawCamera
0x00007ff82a9b5000 	/System/Library/Frameworks/MediaToolbox.framework/Versions/A/MediaToolbox
0x00007ff831898000 	/System/Library/PrivateFrameworks/CoreAVCHD.framework/Versions/A/CoreAVCHD
0x00007ff831894000 	/System/Library/PrivateFrameworks/Mangrove.framework/Versions/A/Mangrove
0x00007ffb2d581000 	/System/Library/PrivateFrameworks/CMPhoto.framework/Versions/A/CMPhoto
0x00007ff832044000 	/System/Library/Frameworks/CoreTelephony.framework/Versions/A/CoreTelephony
0x00007ff832836000 	/System/Library/PrivateFrameworks/AppleVPA.framework/Versions/A/AppleVPA
0x00007ff8314d9000 	/System/Library/PrivateFrameworks/CoreAUC.framework/Versions/A/CoreAUC
0x00007ffb2a90f000 	/System/Library/PrivateFrameworks/AppleJPEGXL.framework/Versions/A/AppleJPEGXL
0x00007ff82c340000 	/usr/lib/libTelephonyUtilDynamic.dylib
0x00007ffd2ee6b000 	/usr/lib/libAccessibilityBaseImplementations.dylib
0x00007ffd28f53000 	/System/Library/PrivateFrameworks/WritingToolsUI.framework/Versions/A/WritingToolsUI
0x00007ffc1f300000 	/System/Library/PrivateFrameworks/GenerativeAssistantSettings.framework/Versions/A/GenerativeAssistantSettings
0x00007ffd1f21a000 	/System/Library/PrivateFrameworks/TextComposer.framework/Versions/A/TextComposer
0x00007ffc1f2dc000 	/System/Library/PrivateFrameworks/GenerativeAssistantCommon.framework/Versions/A/GenerativeAssistantCommon
0x00007ff92a534000 	/System/Library/Frameworks/SwiftUI.framework/Versions/A/SwiftUI
0x00007ffb26622000 	/System/Library/Frameworks/_AuthenticationServices_SwiftUI.framework/Versions/A/_AuthenticationServices_SwiftUI
0x00007ffb29068000 	/System/Library/PrivateFrameworks/Anvil.framework/Versions/A/Anvil
0x00007ff929ae8000 	/System/Library/PrivateFrameworks/AppStoreDaemon.framework/Versions/A/AppStoreDaemon
0x00007ff915168000 	/System/Library/PrivateFrameworks/AppleMediaServices.framework/Versions/A/AppleMediaServices
0x00007ffc1f6d1000 	/System/Library/PrivateFrameworks/GenerativePartnerServiceUI.framework/Versions/A/GenerativePartnerServiceUI
0x00007ffb172b4000 	/System/Library/PrivateFrameworks/JetEngine.framework/Versions/A/JetEngine
0x00007ffd1f10b000 	/System/Library/PrivateFrameworks/TextAnimationSupport.framework/Versions/A/TextAnimationSupport
0x00007ffc337ea000 	/System/Library/PrivateFrameworks/RecapPerformanceTesting.framework/Versions/A/RecapPerformanceTesting
0x00007ff923404000 	/System/Library/PrivateFrameworks/SignpostCollection.framework/Versions/A/SignpostCollection
0x00007ffb2bd31000 	/System/Library/PrivateFrameworks/AuthenticationServicesCore.framework/Versions/A/AuthenticationServicesCore
0x00007ff92cc15000 	/System/Library/Frameworks/AuthenticationServices.framework/Versions/A/AuthenticationServices
0x00007ff829442000 	/System/Library/PrivateFrameworks/SharedWebCredentials.framework/Versions/A/SharedWebCredentials
0x00007ff924375000 	/System/Library/PrivateFrameworks/SafariCore.framework/Versions/A/SafariCore
0x00007ff92c702000 	/System/Library/PrivateFrameworks/SafariFoundation.framework/Versions/A/SafariFoundation
0x00007ff830e4c000 	/System/Library/Frameworks/Contacts.framework/Versions/A/Contacts
0x00007ffb2d02d000 	/System/Library/PrivateFrameworks/CBORLibrary.framework/Versions/A/CBORLibrary
0x00007ffb2de56000 	/System/Library/PrivateFrameworks/Chirp.framework/Versions/A/Chirp
0x00007ffb2e89c000 	/System/Library/PrivateFrameworks/CloudSubscriptionFeatures.framework/Versions/A/CloudSubscriptionFeatures
0x00007ff830bb1000 	/System/Library/PrivateFrameworks/ContactsFoundation.framework/Versions/A/ContactsFoundation
0x00007ffb185d8000 	/System/Library/PrivateFrameworks/RemoteManagement.framework/Versions/A/RemoteManagement
0x00007ffc33b02000 	/System/Library/PrivateFrameworks/RemoteManagementModel.framework/Versions/A/RemoteManagementModel
0x00007ffc33b92000 	/System/Library/PrivateFrameworks/RemoteManagementStore.framework/Versions/A/RemoteManagementStore
0x00007ff82dc4b000 	/usr/lib/libxcselect.dylib
0x00007ff92c66c000 	/System/Library/PrivateFrameworks/DifferentialPrivacy.framework/Versions/A/DifferentialPrivacy
0x00007ffc2917b000 	/System/Library/PrivateFrameworks/ManagedSettingsObjC.framework/Versions/A/ManagedSettingsObjC
0x00007ffc26ed4000 	/System/Library/PrivateFrameworks/LockdownMode.framework/Versions/A/LockdownMode
0x00007ffd23df3000 	/System/Library/PrivateFrameworks/VDAF.framework/Versions/A/VDAF
0x00007ff830c78000 	/System/Library/PrivateFrameworks/ContactsPersistence.framework/Versions/A/ContactsPersistence
0x00007ff82fe14000 	/System/Library/PrivateFrameworks/AppleLDAP.framework/Versions/A/AppleLDAP
0x00007ff834a7a000 	/System/Library/Frameworks/ClassKit.framework/Versions/A/ClassKit
0x00007ff836db5000 	/System/Library/PrivateFrameworks/CoreSuggestions.framework/Versions/A/CoreSuggestions
0x00007ff8325fc000 	/System/Library/PrivateFrameworks/vCard.framework/Versions/A/vCard
0x00007ffb2f3c8000 	/System/Library/PrivateFrameworks/ContactsMetrics.framework/Versions/A/ContactsMetrics
0x00007ff8298bb000 	/System/Library/PrivateFrameworks/login.framework/Versions/A/login
0x00007ffc29176000 	/System/Library/PrivateFrameworks/ManagedOrganizationContacts.framework/Versions/A/ManagedOrganizationContacts
0x00007ff8225c8000 	/System/Library/PrivateFrameworks/CloudDocs.framework/Versions/A/CloudDocs
0x00007ff91b452000 	/System/Library/PrivateFrameworks/ProactiveEventTracker.framework/Versions/A/ProactiveEventTracker
0x00007ff82be9f000 	/System/Library/PrivateFrameworks/CoreFollowUp.framework/Versions/A/CoreFollowUp
0x00007ff836202000 	/System/Library/PrivateFrameworks/ConfigurationProfiles.framework/Versions/A/ConfigurationProfiles
0x00007ffb348ce000 	/System/Library/PrivateFrameworks/DMCUtilities.framework/Versions/A/DMCUtilities
0x00007ffc26f4b000 	/System/Library/PrivateFrameworks/MDMClientLibrary.framework/Versions/A/MDMClientLibrary
0x00007ffc33b87000 	/System/Library/PrivateFrameworks/RemoteManagementProtocol.framework/Versions/A/RemoteManagementProtocol
0x00007ffd2f257000 	/usr/lib/libEndpointSecuritySystem.dylib
0x00007ff8304ff000 	/System/Library/PrivateFrameworks/SystemAdministration.framework/Versions/A/SystemAdministration
0x00007ff9193df000 	/System/Library/PrivateFrameworks/PowerlogControl.framework/Versions/A/PowerlogControl
0x00007ff9193e1000 	/usr/lib/libUniversalAccess.dylib
0x00007ff915aa3000 	/System/Library/PrivateFrameworks/FamilyControls.framework/Versions/A/FamilyControls
0x00007ff82fdec000 	/System/Library/Frameworks/DirectoryService.framework/Versions/A/DirectoryService
0x00007ff834761000 	/System/Library/PrivateFrameworks/LoginUIKit.framework/Versions/A/Frameworks/LoginUICore.framework/Versions/A/LoginUICore
0x00007ff829ae4000 	/usr/lib/libodfde.dylib
0x00007ff915a9e000 	/System/Library/PrivateFrameworks/UniversalAccess.framework/Versions/A/Libraries/libUAPreferences.dylib
0x00007ff915ac6000 	/System/Library/PrivateFrameworks/CommerceKit.framework/Versions/A/Frameworks/CommerceCore.framework/Versions/A/CommerceCore
0x00007ffb34845000 	/System/Library/PrivateFrameworks/DEPClientLibrary.framework/Versions/A/DEPClientLibrary
0x00007ffb3486a000 	/System/Library/PrivateFrameworks/DMCEnrollmentLibrary.framework/Versions/A/DMCEnrollmentLibrary
0x00007ff9194ba000 	/System/Library/PrivateFrameworks/SetupAssistantFramework.framework/Versions/A/SetupAssistantFramework
0x00007ff834db8000 	/System/Library/PrivateFrameworks/AuthKitUI.framework/Versions/A/AuthKitUI
0x00007ff8347a6000 	/System/Library/PrivateFrameworks/AppSSO.framework/Versions/A/AppSSO
0x00007ff929856000 	/System/Library/PrivateFrameworks/LocalAuthenticationUI.framework/Versions/A/LocalAuthenticationUI
0x00007ffc31b1d000 	/System/Library/PrivateFrameworks/PlatformSSO.framework/Versions/A/PlatformSSO
0x00007ffc31c1c000 	/System/Library/PrivateFrameworks/PlatformSSOCore.framework/Versions/A/PlatformSSOCore
0x00007ffb20ab3000 	/System/Library/Frameworks/LocalAuthenticationEmbeddedUI.framework/Versions/A/LocalAuthenticationEmbeddedUI
0x00007ff92a309000 	/System/Library/PrivateFrameworks/AOSUI.framework/Versions/A/AOSUI
0x00007ff91b235000 	/System/Library/Frameworks/ContactsUI.framework/Versions/A/ContactsUI
0x00007ff8310c3000 	/System/Library/PrivateFrameworks/FamilyCircle.framework/Versions/A/FamilyCircle
0x00007ffa181be000 	/System/Library/Frameworks/LinkPresentation.framework/Versions/A/LinkPresentation
0x00007ff91ae28000 	/System/Library/PrivateFrameworks/IASUtilities.framework/Versions/A/IASUtilities
0x00007ffc224be000 	/System/Library/PrivateFrameworks/IASUtilitiesCore.framework/Versions/A/IASUtilitiesCore
0x00007ff923412000 	/System/Library/PrivateFrameworks/OnBoardingKit.framework/Versions/A/OnBoardingKit
0x00007ffc33bf8000 	/System/Library/PrivateFrameworks/RemoteUI.framework/Versions/A/RemoteUI
0x00007ff91fc27000 	/System/Library/Frameworks/WebKit.framework/Versions/A/WebKit
0x00007ff9175af000 	/System/Library/Frameworks/JavaScriptCore.framework/Versions/A/JavaScriptCore
0x00007ffc26473000 	/System/Library/PrivateFrameworks/LiftUI.framework/Versions/A/LiftUI
0x00007ffd15d9b000 	/System/Library/PrivateFrameworks/Settings.framework/Versions/A/Settings
0x00007ffd29919000 	/System/Library/PrivateFrameworks/_IconServices_SwiftUI.framework/Versions/A/_IconServices_SwiftUI
0x00007ffb1ed78000 	/System/Library/Frameworks/BrowserEngineCore.framework/Versions/A/BrowserEngineCore
0x00007ff914acc000 	/System/Library/Frameworks/WebKit.framework/Versions/A/Frameworks/WebKitLegacy.framework/Versions/A/WebKitLegacy
0x00007ff9214a7000 	/System/Library/Frameworks/Carbon.framework/Versions/A/Carbon
0x00007ff834d62000 	/System/Library/PrivateFrameworks/CorePrediction.framework/Versions/A/CorePrediction
0x00007ff822c5d000 	/System/Library/Frameworks/WebKit.framework/Versions/A/Frameworks/WebCore.framework/Versions/A/Frameworks/libwebrtc.dylib
0x00007ff91fbb4000 	/System/Library/PrivateFrameworks/SafariSafeBrowsing.framework/Versions/A/SafariSafeBrowsing
0x00007ff82be67000 	/System/Library/Frameworks/SecurityInterface.framework/Versions/A/SecurityInterface
0x00007ff923411000 	/System/Library/PrivateFrameworks/WebInspectorUI.framework/Versions/A/WebInspectorUI
0x00007ff91bbab000 	/System/Library/Frameworks/WebKit.framework/Versions/A/Frameworks/WebCore.framework/Versions/A/WebCore
0x00007ff9175a9000 	/System/Library/Frameworks/Carbon.framework/Versions/A/Frameworks/CommonPanels.framework/Versions/A/CommonPanels
0x00007ff8346ca000 	/System/Library/Frameworks/Carbon.framework/Versions/A/Frameworks/Help.framework/Versions/A/Help
0x00007ff9175ad000 	/System/Library/Frameworks/Carbon.framework/Versions/A/Frameworks/ImageCapture.framework/Versions/A/ImageCapture
0x00007ff91758a000 	/System/Library/Frameworks/Carbon.framework/Versions/A/Frameworks/OpenScripting.framework/Versions/A/OpenScripting
0x00007ff9175a8000 	/System/Library/Frameworks/Carbon.framework/Versions/A/Frameworks/Ink.framework/Versions/A/Ink
0x00007ff9175a5000 	/System/Library/Frameworks/Carbon.framework/Versions/A/Frameworks/SecurityHI.framework/Versions/A/SecurityHI
0x00007ffd2f269000 	/usr/lib/libInterpreterSecurity.dylib
0x00007ffa17d9c000 	/System/Library/PrivateFrameworks/XprotectFramework.framework/Versions/A/XprotectFramework
0x00007ff91af34000 	/System/Library/PrivateFrameworks/yara.framework/Versions/A/yara
0x00007ffb261ec000 	/System/Library/Frameworks/WebKit.framework/Versions/A/Frameworks/WebCore.framework/Versions/A/Frameworks/libANGLE-shared.dylib
0x00007ffd279ab000 	/System/Library/PrivateFrameworks/WebGPU.framework/Versions/A/WebGPU
0x00007ff9253ad000 	/System/Library/Frameworks/SceneKit.framework/Versions/A/SceneKit
0x00007ffa169a3000 	/System/Library/Frameworks/ModelIO.framework/Versions/A/ModelIO
0x00007ff82dc2e000 	/System/Library/Frameworks/MetalKit.framework/Versions/A/MetalKit
0x00007ff830125000 	/System/Library/Frameworks/GLKit.framework/Versions/A/GLKit
0x00007ffd30cc8000 	/usr/lib/usd/libusd_ms.dylib
0x00007ffd232bf000 	/System/Library/PrivateFrameworks/USDLib_FormatLoaderProxy.framework/Versions/A/USDLib_FormatLoaderProxy
0x00007ffd30a0f000 	/usr/lib/swift/libswift_errno.dylib
0x00007ff9224cf000 	/System/Library/PrivateFrameworks/CoreOptimization.framework/Versions/A/CoreOptimization
0x00007ffb1fa19000 	/System/Library/Frameworks/ExtensionKit.framework/Versions/A/ExtensionKit
0x00007ffb2e7e8000 	/System/Library/PrivateFrameworks/CloudSettings.framework/Versions/A/CloudSettings
0x00007ffb1fa57000 	/System/Library/Frameworks/FSKit.framework/Versions/A/FSKit
0x00007ffc26cbb000 	/System/Library/PrivateFrameworks/LiveFS.framework/Versions/A/LiveFS
0x00007ff836e83000 	/System/Library/Frameworks/EventKit.framework/Versions/A/EventKit
0x00007ff92361d000 	/System/Library/PrivateFrameworks/SearchFoundation.framework/Versions/A/SearchFoundation
0x00007ffa1a26a000 	/System/Library/PrivateFrameworks/Email.framework/Versions/A/Email
0x00007ff9220dd000 	/System/Library/PrivateFrameworks/CoreRoutine.framework/Versions/A/CoreRoutine
0x00007ffb17f92000 	/System/Library/PrivateFrameworks/VoiceShortcutClient.framework/Versions/A/VoiceShortcutClient
0x00007ff931f13000 	/System/Library/PrivateFrameworks/Categories.framework/Versions/A/Categories
0x00007ff92a1ca000 	/System/Library/PrivateFrameworks/ChronoServices.framework/Versions/A/ChronoServices
0x00007ffb2d979000 	/System/Library/PrivateFrameworks/CalendarDatabase.framework/Versions/A/CalendarDatabase
0x00007ffb2d8c3000 	/System/Library/PrivateFrameworks/CalendarDaemon.framework/Versions/A/CalendarDaemon
0x00007ff836166000 	/System/Library/PrivateFrameworks/CalendarFoundation.framework/Versions/A/CalendarFoundation
0x00007ff836121000 	/System/Library/PrivateFrameworks/iCalendar.framework/Versions/A/iCalendar
0x00007ffb34abf000 	/System/Library/PrivateFrameworks/DataAccessExpress.framework/Versions/A/DataAccessExpress
0x00007ff91b384000 	/System/Library/PrivateFrameworks/ContactsAutocomplete.framework/Versions/A/ContactsAutocomplete
0x00007ffd3081d000 	/usr/lib/swift/libswiftVideoToolbox.dylib
0x00007ff92a113000 	/System/Library/PrivateFrameworks/FTClientServices.framework/Versions/A/FTClientServices
0x00007ffc2e53a000 	/System/Library/PrivateFrameworks/OSEligibility.framework/Versions/A/OSEligibility
0x00007ffd1dc5b000 	/System/Library/PrivateFrameworks/StorageContainersPrivate.framework/Versions/A/StorageContainersPrivate
0x00007ffd3066d000 	/usr/lib/swift/libswiftCoreMediaIO.dylib
0x00007ff91aca8000 	/System/Library/PrivateFrameworks/CoreDAV.framework/Versions/A/CoreDAV
0x00007ff836d54000 	/System/Library/PrivateFrameworks/CalDAV.framework/Versions/A/CalDAV
0x00007ff91f8bf000 	/System/Library/PrivateFrameworks/TelephonyUtilities.framework/Versions/A/TelephonyUtilities
0x00007ffb20a78000 	/System/Library/Frameworks/LiveCommunicationKit.framework/Versions/A/LiveCommunicationKit
0x00007ffb2efe6000 	/System/Library/PrivateFrameworks/CommunicationTrust.framework/Versions/A/CommunicationTrust
0x00007ff924192000 	/System/Library/Frameworks/CallKit.framework/Versions/A/CallKit
0x00007ff8310bc000 	/System/Library/PrivateFrameworks/CommunicationsFilter.framework/Versions/A/CommunicationsFilter
0x00007ffa2df80000 	/System/Library/PrivateFrameworks/IMTransferServices.framework/Versions/A/IMTransferServices
0x00007ff9224e9000 	/System/Library/PrivateFrameworks/IncomingCallFilter.framework/Versions/A/IncomingCallFilter
0x00007ffc2cc8b000 	/System/Library/PrivateFrameworks/NeighborhoodActivityConduit.framework/Versions/A/NeighborhoodActivityConduit
0x00007ff9266fc000 	/System/Library/PrivateFrameworks/CallHistory.framework/Versions/A/CallHistory
0x00007ffd2f0b7000 	/usr/lib/libBASupport.dylib
0x00007ffb2dd31000 	/System/Library/PrivateFrameworks/CallsUtilities.framework/Versions/A/CallsUtilities
0x00007ffb2dd3b000 	/System/Library/PrivateFrameworks/CallsXPC.framework/Versions/A/CallsXPC
0x00007ffb1870f000 	/usr/lib/swift/libswiftCallKit.dylib
0x00007ffb2dd26000 	/System/Library/PrivateFrameworks/CallsPersistence.framework/Versions/A/CallsPersistence
0x00007ffb24441000 	/System/Library/Frameworks/SensitiveContentAnalysis.framework/Versions/A/SensitiveContentAnalysis
0x00007ff927868000 	/System/Library/PrivateFrameworks/PeopleSuggester.framework/Versions/A/PeopleSuggester
0x00007ff930d3f000 	/System/Library/PrivateFrameworks/SpotlightReceiver.framework/Versions/A/SpotlightReceiver
0x00007ffd298e6000 	/System/Library/PrivateFrameworks/_AppIntentsServices_AppIntents.framework/Versions/A/_AppIntentsServices_AppIntents
0x00007ffb2933b000 	/System/Library/PrivateFrameworks/AppIntentsServices.framework/Versions/A/AppIntentsServices
0x00007ff83610b000 	/System/Library/PrivateFrameworks/CoreRecents.framework/Versions/A/CoreRecents
0x00007ffb2007f000 	/System/Library/Frameworks/GeoToolbox.framework/Versions/A/GeoToolbox
0x00007ffb2668e000 	/System/Library/Frameworks/_GeoToolbox_AppIntents.framework/Versions/A/_GeoToolbox_AppIntents
0x00007ffa23d9c000 	/System/Library/PrivateFrameworks/DiagnosticRequest.framework/Versions/A/DiagnosticRequest
0x00007ffd29841000 	/System/Library/PrivateFrameworks/XPCDistributed.framework/Versions/A/XPCDistributed
0x00007ffc3387a000 	/System/Library/PrivateFrameworks/RegulatoryDomain.framework/Versions/A/RegulatoryDomain
0x00007ff8301fe000 	/usr/lib/libCTGreenTeaLogger.dylib
0x00007ffc26eae000 	/System/Library/PrivateFrameworks/LocalStatusKit.framework/Versions/A/LocalStatusKit
0x00007ff91f7a3000 	/System/Library/PrivateFrameworks/CoreParsec.framework/Versions/A/CoreParsec
0x00007ffa1a25e000 	/System/Library/PrivateFrameworks/EmailAddressing.framework/Versions/A/EmailAddressing
0x00007ffa161c0000 	/System/Library/PrivateFrameworks/EmailCore.framework/Versions/A/EmailCore
0x00007ffa17289000 	/System/Library/PrivateFrameworks/EmailFoundation.framework/Versions/A/EmailFoundation
0x00007ffc2f9a5000 	/System/Library/PrivateFrameworks/PegasusAPI.framework/Versions/A/PegasusAPI
0x00007ffc3032f000 	/System/Library/PrivateFrameworks/PegasusConfiguration.framework/Versions/A/PegasusConfiguration
0x00007ffd21c3a000 	/System/Library/PrivateFrameworks/ToolKit.framework/Versions/A/ToolKit
0x00007ffc33f09000 	/System/Library/PrivateFrameworks/ReplicatorEngine.framework/Versions/A/ReplicatorEngine
0x00007ffc3406e000 	/System/Library/PrivateFrameworks/ReplicatorServices.framework/Versions/A/ReplicatorServices
0x00007ffd1eae7000 	/System/Library/PrivateFrameworks/SystemWake.framework/Versions/A/SystemWake
0x00007ff92435c000 	/System/Library/PrivateFrameworks/ContextKit.framework/Versions/A/ContextKit
0x00007ffb2f516000 	/System/Library/PrivateFrameworks/ContextKitCore.framework/Versions/A/ContextKitCore
0x00007ff92275e000 	/System/Library/Frameworks/LocalAuthentication.framework/Support/DaemonUtils.framework/Versions/A/DaemonUtils
0x00007ffc26e4a000 	/System/Library/PrivateFrameworks/LocalAuthenticationCoreUI.framework/Versions/A/LocalAuthenticationCoreUI
0x00007ff925d65000 	/System/Library/PrivateFrameworks/BridgeXPC.framework/Versions/A/BridgeXPC
0x00007ff9234e3000 	/System/Library/PrivateFrameworks/CoreKDL.framework/Versions/A/CoreKDL
0x00007ff921aa4000 	/System/Library/PrivateFrameworks/EmbeddedOSSupportHost.framework/Versions/A/EmbeddedOSSupportHost
0x00007ff916543000 	/System/Library/PrivateFrameworks/LoginUIKit.framework/Versions/A/LoginUIKit
0x00007ff932374000 	/System/Library/PrivateFrameworks/StorageKit.framework/Versions/A/StorageKit
0x00007ffb1a067000 	/System/Library/Frameworks/DeviceCheck.framework/Versions/A/DeviceCheck
0x00007ff9323ec000 	/System/Library/PrivateFrameworks/CoreWLANKit.framework/Versions/A/CoreWLANKit
0x00007ffd26eaa000 	/System/Library/PrivateFrameworks/Wallpaper.framework/Versions/A/Wallpaper
0x00007ffd30684000 	/usr/lib/swift/libswiftGLKit.dylib
0x00007ffd3068f000 	/usr/lib/swift/libswiftMetalKit.dylib
0x00007ffd30693000 	/usr/lib/swift/libswiftModelIO.dylib
0x00007ffd30750000 	/usr/lib/swift/libswiftSceneKit.dylib
0x00007ffc15196000 	/System/Library/PrivateFrameworks/DiskImages2.framework/Versions/A/DiskImages2
0x00007ffa1b0d7000 	/System/Library/PrivateFrameworks/DynamicDesktop.framework/Versions/A/DynamicDesktop
0x00007ffd26ff8000 	/System/Library/PrivateFrameworks/WallpaperFoundation.framework/Versions/A/WallpaperFoundation
0x00007ffd27045000 	/System/Library/PrivateFrameworks/WallpaperTypes.framework/Versions/A/WallpaperTypes
0x00007ffa2fb3e000 	/System/Library/PrivateFrameworks/SystemDesktopAppearance.framework/Versions/A/SystemDesktopAppearance
0x00007ffd2c8cf000 	/System/Library/PrivateFrameworks/icloudMCCKit.framework/Versions/A/icloudMCCKit
0x00007ffb2a215000 	/System/Library/PrivateFrameworks/AppleAccountUI.framework/Versions/A/AppleAccountUI
0x00007ffa242d7000 	/System/Library/PrivateFrameworks/PreferencePanesSupport.framework/Versions/A/PreferencePanesSupport
0x00007ff92a4af000 	/System/Library/PrivateFrameworks/FindMyDeviceUI.framework/Versions/A/FindMyDeviceUI
0x00007ffd2a547000 	/System/Library/PrivateFrameworks/iCloudQuotaUI.framework/Versions/A/iCloudQuotaUI
0x00007ffa24497000 	/System/Library/PrivateFrameworks/CoreCDPUI.framework/Versions/A/CoreCDPUI
0x00007ff9240d3000 	/System/Library/PrivateFrameworks/CoreFollowUpUI.framework/Versions/A/CoreFollowUpUI
0x00007ff930fd0000 	/System/Library/PrivateFrameworks/IMCore.framework/Versions/A/IMCore
0x00007ff919445000 	/System/Library/PrivateFrameworks/CoreCDP.framework/Versions/A/CoreCDP
0x00007ff915154000 	/System/Library/PrivateFrameworks/AskPermission.framework/Versions/A/AskPermission
0x00007ff927f60000 	/System/Library/Frameworks/Quartz.framework/Versions/A/Quartz
0x00007ff934a87000 	/System/Library/PrivateFrameworks/CloudPhotoServicesConfiguration.framework/Versions/A/CloudPhotoServicesConfiguration
0x00007ff926520000 	/System/Library/PrivateFrameworks/CommerceKit.framework/Versions/A/CommerceKit
0x00007ffa16284000 	/System/Library/PrivateFrameworks/FindMyMac.framework/Versions/A/FindMyMac
0x00007ffa16166000 	/System/Library/Frameworks/PreferencePanes.framework/Versions/A/PreferencePanes
0x00007ff929943000 	/System/Library/Frameworks/AddressBook.framework/Versions/A/AddressBook
0x00007ff83652e000 	/System/Library/PrivateFrameworks/AOSAccounts.framework/Versions/A/AOSAccounts
0x00007ff8304fa000 	/System/Library/PrivateFrameworks/AppleSRP.framework/Versions/A/AppleSRP
0x00007ff922686000 	/System/Library/Frameworks/SafariServices.framework/Versions/A/SafariServices
0x00007ff834f6b000 	/System/Library/PrivateFrameworks/NetFSServer.framework/Versions/A/NetFSServer
0x00007ff925279000 	/System/Library/Frameworks/PDFKit.framework/Versions/A/PDFKit
0x00007ffb25925000 	/System/Library/Frameworks/TabularData.framework/Versions/A/TabularData
0x00007ffd306a8000 	/usr/lib/swift/libswiftPassKit.dylib
0x00007ffa285bc000 	/System/Library/Frameworks/PassKit.framework/Versions/A/PassKit
0x00007ff916647000 	/System/Library/PrivateFrameworks/PassKitCore.framework/Versions/A/PassKitCore
0x00007ffc2f3e3000 	/System/Library/PrivateFrameworks/PassKitMacHelperTemp.framework/Versions/A/PassKitMacHelperTemp
0x00007ffd2efeb000 	/usr/lib/libAppleSSE.dylib
0x00007ff922791000 	/System/Library/PrivateFrameworks/BiometricKit.framework/Versions/A/BiometricKit
0x00007ffc34648000 	/System/Library/PrivateFrameworks/SEService.framework/Versions/A/SEService
0x00007ffb1fb10000 	/System/Library/Frameworks/FinanceKit.framework/Versions/A/FinanceKit
0x00007ff92800d000 	/System/Library/PrivateFrameworks/NearField.framework/Versions/A/NearField
0x00007ffd2f392000 	/usr/lib/libSESShared.dylib
0x00007ffc3482a000 	/System/Library/PrivateFrameworks/STSXPCHelperClient.framework/Versions/A/STSXPCHelperClient
0x00007ff929d2f000 	/usr/lib/libnfshared.dylib
0x00007ffd1e89b000 	/System/Library/PrivateFrameworks/Symptoms.framework/Versions/A/Frameworks/SymptomPresentationFeed.framework/Versions/A/SymptomPresentationFeed
0x00007ffb2ace4000 	/System/Library/PrivateFrameworks/AppleMediaServicesKitInternal.framework/Versions/A/AppleMediaServicesKitInternal
0x00007ffb2b94a000 	/System/Library/PrivateFrameworks/AsyncAlgorithmsInternal.framework/Versions/A/AsyncAlgorithmsInternal
0x00007ffd1e5d5000 	/System/Library/PrivateFrameworks/SymptomShared.framework/Versions/A/SymptomShared
0x00007ffa2b311000 	/System/Library/PrivateFrameworks/PassKitUIFoundation.framework/Versions/A/PassKitUIFoundation
0x00007ff82fe25000 	/System/Library/Frameworks/MapKit.framework/Versions/A/MapKit
0x00007ffc1f763000 	/System/Library/PrivateFrameworks/GeoAnalytics.framework/Versions/A/GeoAnalytics
0x00007ff929d5d000 	/System/Library/PrivateFrameworks/Navigation.framework/Versions/A/Navigation
0x00007ff933938000 	/System/Library/PrivateFrameworks/VectorKit.framework/Versions/A/VectorKit
0x00007ff91aee2000 	/System/Library/PrivateFrameworks/VirtualGarage.framework/Versions/A/VirtualGarage
0x00007ff929f53000 	/System/Library/Frameworks/ExternalAccessory.framework/ExternalAccessory
0x00007ff929f6d000 	/System/Library/PrivateFrameworks/IAP.framework/Versions/A/IAP
0x00007ff8300ef000 	/System/Library/PrivateFrameworks/IOPlatformPluginFamily.framework/Versions/A/IOPlatformPluginFamily
0x00007ffb2be65000 	/System/Library/PrivateFrameworks/AvatarKit.framework/Versions/A/AvatarKit
0x00007ffb2bf2f000 	/System/Library/PrivateFrameworks/AvatarPersistence.framework/Versions/A/AvatarPersistence
0x00007ffb25c50000 	/System/Library/Frameworks/TipKit.framework/Versions/A/TipKit
0x00007ff916191000 	/System/Library/PrivateFrameworks/IMSharedUtilities.framework/Versions/A/IMSharedUtilities
0x00007ffd30651000 	/usr/lib/swift/libswiftAppleArchive.dylib
0x00007ffd23ee7000 	/System/Library/PrivateFrameworks/VFX.framework/Versions/A/VFX
0x00007ffa26313000 	/System/Library/PrivateFrameworks/AppleCVA.framework/Versions/A/AppleCVA
0x00007ffb2bf2e000 	/System/Library/PrivateFrameworks/AvatarKitContent.framework/Versions/A/AvatarKitContent
0x00007ffb217f7000 	/System/Library/Frameworks/MetalFX.framework/Versions/A/MetalFX
0x00007ffb2f0d3000 	/System/Library/PrivateFrameworks/CompositorNonUI.framework/Versions/A/CompositorNonUI
0x00007ffb1e0c7000 	/System/Library/Frameworks/ARKit.framework/Versions/A/ARKit
0x00007ffb27e4c000 	/System/Library/PrivateFrameworks/ARKitCore.framework/Versions/A/ARKitCore
0x00007ffd2f0e4000 	/usr/lib/libDisplayWarpSupport.dylib
0x00007ffb3082f000 	/System/Library/PrivateFrameworks/CoreComposite.framework/Versions/A/CoreComposite
0x00007ffd2f47e000 	/usr/lib/libchannel.dylib
0x00007ffd302bd000 	/usr/lib/librealtime_safety.dylib
0x00007ffb27ed8000 	/System/Library/PrivateFrameworks/ARKitFoundation.framework/Versions/A/ARKitFoundation
0x00007ffb2a2a3000 	/System/Library/PrivateFrameworks/AppleDepth.framework/Versions/A/AppleDepth
0x00007ffb2a466000 	/System/Library/PrivateFrameworks/AppleDepthCore.framework/Versions/A/AppleDepthCore
0x00007ff83022b000 	/System/Library/PrivateFrameworks/CoreAppleCVA.framework/Versions/A/CoreAppleCVA
0x00007ff91b024000 	/System/Library/PrivateFrameworks/ContactsUICore.framework/Versions/A/ContactsUICore
0x00007ff9225ef000 	/System/Library/PrivateFrameworks/ContactsDonation.framework/Versions/A/ContactsDonation
0x00007ff921eac000 	/System/Library/PrivateFrameworks/DataDetectors.framework/Versions/A/DataDetectors
0x00007ff836d42000 	/System/Library/Frameworks/MediaLibrary.framework/Versions/A/MediaLibrary
0x00007ff8310ad000 	/System/Library/PrivateFrameworks/PersonaKit.framework/Versions/A/PersonaKit
0x00007ff91b013000 	/System/Library/PrivateFrameworks/PersonaUI.framework/Versions/A/PersonaUI
0x00007ffa15b84000 	/System/Library/PrivateFrameworks/Transparency.framework/Versions/A/Transparency
0x00007ffc16986000 	/System/Library/PrivateFrameworks/FindMyLocate.framework/Versions/A/FindMyLocate
0x00007ff924053000 	/System/Library/PrivateFrameworks/IntlPreferences.framework/Versions/A/IntlPreferences
0x00007ffc16883000 	/System/Library/PrivateFrameworks/FindMyCommon.framework/Versions/A/FindMyCommon
0x00007ffc166cc000 	/System/Library/PrivateFrameworks/FindMyBase.framework/Versions/A/FindMyBase
0x00007ffb231ce000 	/System/Library/Frameworks/NearbyInteraction.framework/Versions/A/NearbyInteraction
0x00007ff830cef000 	/System/Library/PrivateFrameworks/AddressBookCore.framework/Versions/A/AddressBookCore
0x00007ff929ac7000 	/System/Library/PrivateFrameworks/ToneKit.framework/Versions/A/ToneKit
0x00007ff924099000 	/System/Library/PrivateFrameworks/ToneLibrary.framework/Versions/A/ToneLibrary
0x00007ffb2f39e000 	/System/Library/PrivateFrameworks/ContactsAccounts.framework/Versions/A/ContactsAccounts
0x00007ff927e80000 	/System/Library/PrivateFrameworks/Lookup.framework/Versions/A/Lookup
0x00007ffb239f1000 	/System/Library/Frameworks/QuickLookUI.framework/Versions/A/QuickLookUI
0x00007ffb243c1000 	/System/Library/Frameworks/ScreenCaptureKit.framework/Versions/A/ScreenCaptureKit
0x00007ff924dab000 	/System/Library/Frameworks/Quartz.framework/Versions/A/Frameworks/QuartzComposer.framework/Versions/A/QuartzComposer
0x00007ff92402a000 	/System/Library/Frameworks/Quartz.framework/Versions/A/Frameworks/QuartzFilters.framework/Versions/A/QuartzFilters
0x00007ff922fb9000 	/System/Library/Frameworks/Quartz.framework/Versions/A/Frameworks/ImageKit.framework/Versions/A/ImageKit
0x00007ff9214a6000 	/System/Library/PrivateFrameworks/CorePDF.framework/Versions/A/CorePDF
0x00007ff82dbcb000 	/System/Library/Frameworks/QuickLook.framework/Versions/A/QuickLook
0x00007ff91653e000 	/System/Library/PrivateFrameworks/DisplayServices.framework/Versions/A/DisplayServices
0x00007ff923fa8000 	/System/Library/Frameworks/ImageCaptureCore.framework/Versions/A/ImageCaptureCore
0x00007ffd25e46000 	/System/Library/PrivateFrameworks/VisionKitCore.framework/Versions/A/VisionKitCore
0x00007ff91f774000 	/System/Library/PrivateFrameworks/QuickLookSupport.framework/Versions/A/QuickLookSupport
0x00007ffc29a9c000 	/System/Library/PrivateFrameworks/MediaAnalysisServices.framework/Versions/A/MediaAnalysisServices
0x00007ff926dc2000 	/System/Library/PrivateFrameworks/PhotoLibraryServices.framework/Versions/A/PhotoLibraryServices
0x00007ff923b9a000 	/System/Library/Frameworks/Photos.framework/Versions/A/Photos
0x00007ffa185b9000 	/System/Library/PrivateFrameworks/PhotosFormats.framework/Versions/A/PhotosFormats
0x00007ffa14acc000 	/System/Library/PrivateFrameworks/CloudPhotoLibrary.framework/Versions/A/CloudPhotoLibrary
0x00007ffa1ddbc000 	/System/Library/PrivateFrameworks/CloudPhotoServices.framework/Versions/A/CloudPhotoServices
0x00007ffa1a3c7000 	/System/Library/PrivateFrameworks/CoreMediaStream.framework/Versions/A/CoreMediaStream
0x00007ff831afa000 	/System/Library/PrivateFrameworks/CPAnalytics.framework/Versions/A/CPAnalytics
0x00007ffa168d5000 	/System/Library/PrivateFrameworks/MediaConversionService.framework/Versions/A/MediaConversionService
0x00007ff91617f000 	/System/Library/PrivateFrameworks/PhotoFoundation.framework/Versions/A/PhotoFoundation
0x00007ffc308b5000 	/System/Library/PrivateFrameworks/PhotoLibraryServicesCore.framework/Versions/A/PhotoLibraryServicesCore
0x00007ff93073e000 	/System/Library/PrivateFrameworks/MMCS.framework/Versions/A/MMCS
0x00007ff836b7f000 	/System/Library/PrivateFrameworks/ChunkingLibrary.framework/Versions/A/ChunkingLibrary
0x00007ff8304ca000 	/System/Library/PrivateFrameworks/AssetCacheServices.framework/Versions/A/AssetCacheServices
0x00007ff832737000 	/System/Library/PrivateFrameworks/AVFoundationCF.framework/Versions/A/AVFoundationCF
0x00007ffa2de7a000 	/usr/lib/swift/libswiftDemangle.dylib
0x00007ffc2267e000 	/System/Library/PrivateFrameworks/ImageCaptureDevices.framework/Versions/A/ImageCaptureDevices
0x00007ff922170000 	/System/Library/PrivateFrameworks/MediaStream.framework/Versions/A/MediaStream
0x00007ffa16dc9000 	/System/Library/PrivateFrameworks/NeutrinoCore.framework/Versions/A/NeutrinoCore
0x00007ff81ec4a000 	/System/Library/PrivateFrameworks/NLP.framework/Versions/A/NLP
0x00007ffa1cb1f000 	/System/Library/PrivateFrameworks/PhotoImaging.framework/Versions/A/PhotoImaging
0x00007ffa1dd7c000 	/System/Library/PrivateFrameworks/PhotosImagingFoundation.framework/Versions/A/PhotosImagingFoundation
0x00007ffc3146c000 	/System/Library/PrivateFrameworks/PhotosIntelligenceCore.framework/Versions/A/PhotosIntelligenceCore
0x00007ff832b92000 	/System/Library/PrivateFrameworks/EmbeddedAcousticRecognition.framework/Versions/A/EmbeddedAcousticRecognition
0x00007ff92b7df000 	/System/Library/PrivateFrameworks/EmojiFoundation.framework/Versions/A/EmojiFoundation
0x00007ffa14d51000 	/System/Library/PrivateFrameworks/SDAPI.framework/Versions/A/SDAPI
0x00007ffa1ddca000 	/System/Library/PrivateFrameworks/AutoLoop.framework/Versions/A/AutoLoop
0x00007ffc31f5d000 	/System/Library/PrivateFrameworks/Portrait.framework/Versions/A/Portrait
0x00007ffc16f94000 	/System/Library/PrivateFrameworks/FusionTracker.framework/Versions/A/FusionTracker
0x00007ff92483a000 	/System/Library/PrivateFrameworks/iTunesCloud.framework/Versions/A/iTunesCloud
0x00007ff92d8fb000 	/System/Library/PrivateFrameworks/DAAPKit.framework/Versions/A/DAAPKit
0x00007ff91faee000 	/System/Library/PrivateFrameworks/DeviceManagement.framework/Versions/A/DeviceManagement
0x00007ffa23cef000 	/System/Library/PrivateFrameworks/ScreenTimeUI.framework/Versions/A/ScreenTimeUI
0x00007ff921ea6000 	/System/Library/PrivateFrameworks/QuickLookNonBaseSystem.framework/Versions/A/QuickLookNonBaseSystem
0x00007ff9226c4000 	/System/Library/PrivateFrameworks/Catalyst.framework/Versions/A/Catalyst
0x00007ff924234000 	/System/Library/PrivateFrameworks/ScreenTimeCore.framework/Versions/A/ScreenTimeCore
0x00007ffa17a21000 	/System/Library/PrivateFrameworks/ScreenTimeServiceUI.framework/Versions/A/ScreenTimeServiceUI
0x00007ff9308db000 	/System/Library/PrivateFrameworks/ConfigurationEngineModel.framework/Versions/A/ConfigurationEngineModel
0x00007ff9338ea000 	/System/Library/PrivateFrameworks/UsageTracking.framework/Versions/A/UsageTracking
0x00007ffb1f7ee000 	/System/Library/Frameworks/DeviceActivity.framework/Versions/A/DeviceActivity
0x00007ff9338bc000 	/System/Library/PrivateFrameworks/KnowledgeMonitor.framework/Versions/A/KnowledgeMonitor
0x00007ffa2b2b8000 	/System/Library/PrivateFrameworks/BluetoothManager.framework/Versions/A/BluetoothManager
0x00007ffb20b7e000 	/System/Library/Frameworks/ManagedSettings.framework/Versions/A/ManagedSettings
0x00007ffc291bc000 	/System/Library/PrivateFrameworks/ManagedSettingsSupport.framework/Versions/A/ManagedSettingsSupport
0x00007ffa286bd000 	/System/Library/Frameworks/ReplayKit.framework/Versions/A/ReplayKit
0x00007ff917547000 	/System/Library/PrivateFrameworks/MarkupUI.framework/Versions/A/MarkupUI
0x00007ff921e80000 	/System/Library/PrivateFrameworks/SidecarCore.framework/Versions/A/SidecarCore
0x00007ff924c4d000 	/System/Library/PrivateFrameworks/AnnotationKit.framework/Versions/A/AnnotationKit
0x00007ff923219000 	/System/Library/Frameworks/PencilKit.framework/Versions/A/PencilKit
0x00007ff9233f1000 	/System/Library/PrivateFrameworks/SidecarUI.framework/Versions/A/SidecarUI
0x00007ff922a92000 	/System/Library/PrivateFrameworks/CoreHandwriting.framework/Versions/A/CoreHandwriting
0x00007ff8185bc000 	/usr/lib/libmecabra.dylib
0x00007ff91b58b000 	/System/Library/PrivateFrameworks/Calculate.framework/Versions/A/Calculate
0x00007ff829039000 	/usr/lib/libChineseTokenizer.dylib
0x00007ffb18501000 	/System/Library/PrivateFrameworks/ScreenReaderCore.framework/Versions/A/ScreenReaderCore
0x00007ffd1dc02000 	/System/Library/PrivateFrameworks/StocksKit.framework/Versions/A/StocksKit
0x00007ff91a612000 	/System/Library/PrivateFrameworks/OAuth.framework/Versions/A/OAuth
0x00007ffd1d951000 	/System/Library/PrivateFrameworks/StocksCore.framework/Versions/A/StocksCore
0x00007ffd1edb0000 	/System/Library/PrivateFrameworks/TeaFoundation.framework/Versions/A/TeaFoundation
0x00007ffd1ef2f000 	/System/Library/PrivateFrameworks/TeaSettings.framework/Versions/A/TeaSettings
0x00007ffa2f3aa000 	/System/Library/PrivateFrameworks/NewsCore.framework/Versions/A/NewsCore
0x00007ffd1ed5a000 	/System/Library/PrivateFrameworks/TeaDB.framework/Versions/A/TeaDB
0x00007ffa2c45a000 	/System/Library/PrivateFrameworks/RemoteConfiguration.framework/Versions/A/RemoteConfiguration
0x00007ffa2ef50000 	/System/Library/PrivateFrameworks/NewsTransport.framework/Versions/A/NewsTransport
0x00007ffa2f39c000 	/System/Library/PrivateFrameworks/NewsFoundation.framework/Versions/A/NewsFoundation
0x00007ffc2d249000 	/System/Library/PrivateFrameworks/NewsURLBucket.framework/Versions/A/NewsURLBucket
0x00007ff9268d4000 	/System/Library/PrivateFrameworks/MobileInstallation.framework/Versions/A/MobileInstallation
0x00007ffb25d9e000 	/System/Library/Frameworks/Translation.framework/Versions/A/Translation
0x00007ffa1f6f2000 	/System/Library/PrivateFrameworks/RevealCore.framework/Versions/A/RevealCore
0x00007ffa1f6e7000 	/System/Library/PrivateFrameworks/Reveal.framework/Versions/A/Reveal
0x00007ffa17723000 	/System/Library/Frameworks/Speech.framework/Versions/A/Speech
0x00007ffb26e6f000 	/System/Library/PrivateFrameworks/AIMLExperimentationAnalytics.framework/Versions/A/AIMLExperimentationAnalytics
0x00007ffb28f63000 	/System/Library/PrivateFrameworks/AlgorithmsInternal.framework/Versions/A/AlgorithmsInternal
0x00007ffd22345000 	/System/Library/PrivateFrameworks/TranslationUIServices.framework/Versions/A/TranslationUIServices
0x00007ffd21469000 	/System/Library/PrivateFrameworks/TipKitCore.framework/Versions/A/TipKitCore
0x00007ff92b85f000 	/System/Library/PrivateFrameworks/CoreCDPInternal.framework/Versions/A/CoreCDPInternal
0x00007ffc22d4b000 	/System/Library/PrivateFrameworks/InputAnalytics.framework/Versions/A/InputAnalytics
0x00007ff93186d000 	/System/Library/Frameworks/InstantMessage.framework/Versions/A/InstantMessage
0x00007ff929850000 	/System/Library/PrivateFrameworks/IDSKVStore.framework/Versions/A/IDSKVStore
0x00007ff92953c000 	/System/Library/PrivateFrameworks/IMDPersistence.framework/Versions/A/IMDPersistence
0x00007ffd23dea000 	/System/Library/PrivateFrameworks/UserSafety.framework/Versions/A/UserSafety
0x00007ffa2a583000 	/System/Library/PrivateFrameworks/BlastDoor.framework/Versions/A/BlastDoor
0x00007ffc26b0d000 	/System/Library/PrivateFrameworks/LinkPresentationStyleSheetParsing.framework/Versions/A/LinkPresentationStyleSheetParsing
0x00007ffc3210e000 	/System/Library/PrivateFrameworks/PosterFoundation.framework/Versions/A/PosterFoundation
0x00007ffc32198000 	/System/Library/PrivateFrameworks/PosterModel.framework/Versions/A/PosterModel
0x00007ffc32176000 	/System/Library/PrivateFrameworks/PosterFuturesKit.framework/Versions/A/PosterFuturesKit
0x00007ffc16507000 	/System/Library/PrivateFrameworks/FeedbackService.framework/Versions/A/FeedbackService
0x00007ff922549000 	/System/Library/PrivateFrameworks/CoreSDB.framework/Versions/A/CoreSDB
0x00007ffb2b753000 	/System/Library/PrivateFrameworks/AskToCore.framework/Versions/A/AskToCore
0x00007ffa24494000 	/System/Library/PrivateFrameworks/MachineSettings.framework/Versions/A/MachineSettings
0x00007ffa160ea000 	/System/Library/PrivateFrameworks/BezelServices.framework/Versions/A/BezelServices
0x00007ff92d98b000 	/System/Library/PrivateFrameworks/SPOwner.framework/Versions/A/SPOwner
0x00007ff926582000 	/System/Library/PrivateFrameworks/FMCore.framework/Versions/A/FMCore
0x00007ff925d9a000 	/System/Library/PrivateFrameworks/AppleMediaServicesUI.framework/Versions/A/AppleMediaServicesUI
0x00007ffd2a4a8000 	/System/Library/PrivateFrameworks/iCloudQuota.framework/Versions/A/iCloudQuota
0x00007ff91af7f000 	/System/Library/PrivateFrameworks/CoreRecognition.framework/Versions/A/CoreRecognition
0x00007ffa1619c000 	/System/Library/PrivateFrameworks/InAppMessages.framework/Versions/A/InAppMessages
0x00007ffb171d5000 	/System/Library/PrivateFrameworks/JetUI.framework/Versions/A/JetUI
0x00007ffc25f9e000 	/System/Library/PrivateFrameworks/JetPack.framework/Versions/A/JetPack
0x00007ffa16194000 	/System/Library/PrivateFrameworks/InAppMessagesCore.framework/Versions/A/InAppMessagesCore
0x00007ffd29926000 	/System/Library/PrivateFrameworks/_JetEngine_SwiftUI.framework/Versions/A/_JetEngine_SwiftUI
0x00007ffd1e8c3000 	/System/Library/PrivateFrameworks/Synapse.framework/Versions/A/Synapse
0x00007ffb2d750000 	/System/Library/PrivateFrameworks/CSExattrCrypto.framework/Versions/A/CSExattrCrypto
0x00007ff927b7a000 	/System/Library/PrivateFrameworks/StoreFoundation.framework/Versions/A/StoreFoundation
0x00007ff92657c000 	/System/Library/PrivateFrameworks/ServerInformation.framework/Versions/A/ServerInformation
0x00007ff925fa6000 	/System/Library/PrivateFrameworks/Install.framework/Frameworks/DistributionKit.framework/Versions/A/DistributionKit
0x00007ff91f539000 	/System/Library/PrivateFrameworks/PackageKit.framework/Versions/A/PackageKit
0x00007ff925fc7000 	/System/Library/PrivateFrameworks/OSPersonalization.framework/Versions/A/OSPersonalization
0x00007ff9280e9000 	/System/Library/PrivateFrameworks/BridgeOSSoftwareUpdate.framework/Versions/A/BridgeOSSoftwareUpdate
0x00007ff9229b2000 	/System/Library/PrivateFrameworks/StorageManagement.framework/Versions/A/StorageManagement
0x00007ffa175ae000 	/usr/lib/libauthinstall.dylib
0x00007ff9280f1000 	/System/Library/PrivateFrameworks/InstallerDiagnostics.framework/Versions/A/InstallerDiagnostics
0x00007ffa17bef000 	/usr/lib/libcrypto.42.dylib
0x00007ffd30bb3000 	/usr/lib/updaters/libAppleTconUARPUpdater.dylib
0x00007ff9280d9000 	/System/Library/PrivateFrameworks/GPUInfo.framework/Versions/A/GPUInfo
0x00007ffa1628a000 	/System/Library/PrivateFrameworks/MobileActivationMacOS.framework/Versions/A/MobileActivationMacOS
0x00007ff91a550000 	/System/Library/PrivateFrameworks/AccountsDaemon.framework/Versions/A/AccountsDaemon
0x00007ffc1f6b3000 	/System/Library/PrivateFrameworks/GenerativePartnerService.framework/Versions/A/GenerativePartnerService
0x00007ff82c29e000 	/System/Library/PrivateFrameworks/CacheDelete.framework/Versions/A/CacheDelete
0x00007ff835087000 	/System/Library/Frameworks/QuickLookThumbnailing.framework/Versions/A/QuickLookThumbnailing
0x00007ff928139000 	/System/Library/PrivateFrameworks/AOSKit.framework/Versions/A/AOSKit
0x00007ff829328000 	/System/Library/PrivateFrameworks/AppSSOCore.framework/Versions/A/AppSSOCore
0x00007ff921889000 	/System/Library/Frameworks/AVFoundation.framework/Versions/A/AVFoundation
0x00007ffb2bfc5000 	/System/Library/PrivateFrameworks/BackgroundSystemTasks.framework/Versions/A/BackgroundSystemTasks
0x00007ff834fa3000 	/System/Library/PrivateFrameworks/DuetActivityScheduler.framework/Versions/A/DuetActivityScheduler
0x00007ff9349df000 	/System/Library/PrivateFrameworks/NetworkServiceProxy.framework/Versions/A/NetworkServiceProxy
0x00007ff83015f000 	/usr/lib/libnetworkextension.dylib
0x00007ff832aac000 	/System/Library/PrivateFrameworks/Rapport.framework/Versions/A/Rapport
0x00007ffd1e5e4000 	/System/Library/PrivateFrameworks/Symptoms.framework/Versions/A/Frameworks/SymptomAnalytics.framework/Versions/A/SymptomAnalytics
0x00007ff82cd76000 	/System/Library/Frameworks/NetworkExtension.framework/Versions/A/NetworkExtension
0x00007ff83380c000 	/System/Library/PrivateFrameworks/CoreDuetContext.framework/Versions/A/CoreDuetContext
0x00007ff81d11c000 	/System/Library/PrivateFrameworks/CoreDuet.framework/Versions/A/CoreDuet
0x00007ff915ef4000 	/System/Library/PrivateFrameworks/AssistantServices.framework/Versions/A/AssistantServices
0x00007ff8328a4000 	/System/Library/PrivateFrameworks/SAObjects.framework/Versions/A/SAObjects
0x00007ff915ad1000 	/System/Library/PrivateFrameworks/MediaRemote.framework/Versions/A/MediaRemote
0x00007ff928526000 	/System/Library/PrivateFrameworks/SiriInstrumentation.framework/Versions/A/SiriInstrumentation
0x00007ffd16357000 	/System/Library/PrivateFrameworks/SiriAnalytics.framework/Versions/A/SiriAnalytics
0x00007ffd1b813000 	/System/Library/PrivateFrameworks/SiriTTSService.framework/Versions/A/SiriTTSService
0x00007ffd16b6b000 	/System/Library/PrivateFrameworks/SiriCrossDeviceArbitration.framework/Versions/A/SiriCrossDeviceArbitration
0x00007ff925d6f000 	/System/Library/PrivateFrameworks/FeedbackLogger.framework/Versions/A/FeedbackLogger
0x00007ffc160f5000 	/System/Library/PrivateFrameworks/FaceTimeNameUtility.framework/Versions/A/FaceTimeNameUtility
0x00007ffd16bba000 	/System/Library/PrivateFrameworks/SiriCrossDeviceArbitrationFeedback.framework/Versions/A/SiriCrossDeviceArbitrationFeedback
0x00007ffc1f5a6000 	/System/Library/PrivateFrameworks/GenerativeModels.framework/Versions/A/GenerativeModels
0x00007ffb1e204000 	/System/Library/Frameworks/AVRouting.framework/Versions/A/AVRouting
0x00007ff91ad9d000 	/System/Library/PrivateFrameworks/MediaServices.framework/Versions/A/MediaServices
0x00007ff8326c3000 	/System/Library/Frameworks/LocalAuthentication.framework/Versions/A/LocalAuthentication
0x00007ffc26d29000 	/System/Library/PrivateFrameworks/LocalAuthenticationCore.framework/Versions/A/LocalAuthenticationCore
0x00007ffc26e86000 	/System/Library/PrivateFrameworks/LocalAuthenticationCredentialServices.framework/Versions/A/LocalAuthenticationCredentialServices
0x00007ff832726000 	/System/Library/Frameworks/LocalAuthentication.framework/Support/SharedUtils.framework/Versions/A/SharedUtils
0x00007ff829777000 	/System/Library/PrivateFrameworks/PersistentConnection.framework/Versions/A/PersistentConnection
0x00007ffd1cdba000 	/System/Library/PrivateFrameworks/SonicFoundation.framework/Versions/A/SonicFoundation
0x00007ffc14b58000 	/System/Library/PrivateFrameworks/Dendrite.framework/Versions/A/Dendrite
0x00007ff92a4ff000 	/usr/lib/libtailspin.dylib
0x00007ffa1deda000 	/System/Library/PrivateFrameworks/Osprey.framework/Versions/A/Osprey
0x00007ffd1ae1c000 	/System/Library/PrivateFrameworks/SiriTTS.framework/Versions/A/SiriTTS
0x00007ff92260a000 	/System/Library/Frameworks/NaturalLanguage.framework/Versions/A/NaturalLanguage
0x00007ffd19dd1000 	/System/Library/PrivateFrameworks/SiriPowerInstrumentation.framework/Versions/A/SiriPowerInstrumentation
0x00007ff923572000 	/System/Library/PrivateFrameworks/Trial.framework/Versions/A/Trial
0x00007ff9234f4000 	/System/Library/PrivateFrameworks/TrialProto.framework/Versions/A/TrialProto
0x00007ffd2358e000 	/System/Library/PrivateFrameworks/UnifiedAssetFramework.framework/Versions/A/UnifiedAssetFramework
0x00007ffa1feef000 	/usr/lib/swift/libswiftAVFoundation.dylib
0x00007ffa2fd2e000 	/usr/lib/swift/libswiftNaturalLanguage.dylib
0x00007ffd1ed58000 	/System/Library/PrivateFrameworks/TailspinSymbolication.framework/Versions/A/TailspinSymbolication
0x00007ffb34987000 	/System/Library/PrivateFrameworks/Darwinup.framework/Versions/A/Darwinup
0x00007ffa1690f000 	/System/Library/PrivateFrameworks/SignpostSupport.framework/Versions/A/SignpostSupport
0x00007ff9224d4000 	/System/Library/PrivateFrameworks/FeatureFlagsSupport.framework/Versions/A/FeatureFlagsSupport
0x00007ffa16003000 	/System/Library/PrivateFrameworks/ktrace.framework/Versions/A/ktrace
0x00007ffa16b62000 	/System/Library/PrivateFrameworks/SampleAnalysis.framework/Versions/A/SampleAnalysis
0x00007ffa1f6ad000 	/System/Library/PrivateFrameworks/kperfdata.framework/Versions/A/kperfdata
0x00007ff82dcf7000 	/usr/lib/libdscsym.dylib
0x00007ffa1fc32000 	/System/Library/PrivateFrameworks/BulkSymbolication.framework/Versions/A/BulkSymbolication
0x00007ff8350ce000 	/System/Library/PrivateFrameworks/Espresso.framework/Versions/A/Espresso
0x00007ff8226a7000 	/System/Library/Frameworks/CoreML.framework/Versions/A/CoreML
0x00007ffb18871000 	/System/Library/PrivateFrameworks/ANECompiler.framework/Versions/A/ANECompiler
0x00007ff914d30000 	/System/Library/PrivateFrameworks/AppleNeuralEngine.framework/Versions/A/AppleNeuralEngine
0x00007ffb218b3000 	/System/Library/Frameworks/MetalPerformanceShadersGraph.framework/Versions/A/MetalPerformanceShadersGraph
0x00007ffc277b4000 	/System/Library/PrivateFrameworks/MLCompilerServices.framework/Versions/A/MLCompilerServices
0x00007ff83604e000 	/System/Library/PrivateFrameworks/ANEServices.framework/Versions/A/ANEServices
0x00007ffc2e332000 	/System/Library/PrivateFrameworks/ODIE.framework/Versions/A/ODIE
0x00007ffc27759000 	/System/Library/PrivateFrameworks/MLCompilerRuntime.framework/Versions/A/MLCompilerRuntime
0x00007ff826d2d000 	/System/Library/Frameworks/MLCompute.framework/Versions/A/MLCompute
0x00007ffc276df000 	/System/Library/PrivateFrameworks/MLAssetIO.framework/Versions/A/MLAssetIO
0x00007ffd30688000 	/usr/lib/swift/libswiftMLCompute.dylib
0x00007ff832236000 	/System/Library/PrivateFrameworks/AVFCore.framework/Versions/A/AVFCore
0x00007ff9194ca000 	/System/Library/PrivateFrameworks/AVFCapture.framework/Versions/A/AVFCapture
0x00007ffb2d42b000 	/System/Library/PrivateFrameworks/CMImaging.framework/Versions/A/CMImaging
0x00007ff919717000 	/System/Library/PrivateFrameworks/Quagga.framework/Versions/A/Quagga
0x00007ff919846000 	/System/Library/PrivateFrameworks/CMCapture.framework/Versions/A/CMCapture
0x00007ff82bed2000 	/System/Library/Frameworks/CoreMediaIO.framework/Versions/A/CoreMediaIO
0x00007ffb2d364000 	/System/Library/PrivateFrameworks/CMCaptureDevice.framework/Versions/A/CMCaptureDevice
0x00007ff8298db000 	/System/Library/PrivateFrameworks/CoreBrightness.framework/Versions/A/CoreBrightness
0x00007ffb2e217000 	/System/Library/PrivateFrameworks/CinematicFraming.framework/Versions/A/CinematicFraming
0x00007ffd1ea71000 	/System/Library/PrivateFrameworks/SystemStatus.framework/Versions/A/SystemStatus
0x00007ff9214a8000 	/System/Library/Frameworks/CoreMotion.framework/Versions/A/CoreMotion
0x00007ff931945000 	/System/Library/PrivateFrameworks/TimeSync.framework/Versions/A/TimeSync
0x00007ffc1539c000 	/System/Library/PrivateFrameworks/DistributedSensing.framework/Versions/A/DistributedSensing
0x00007ff92cbd3000 	/System/Library/PrivateFrameworks/MobileBluetooth.framework/Versions/A/MobileBluetooth
0x00007ff933534000 	/System/Library/PrivateFrameworks/IOKitten.framework/Versions/A/IOKitten
0x00007ff819867000 	/System/Library/PrivateFrameworks/LanguageModeling.framework/Versions/A/LanguageModeling
0x00007ff81ea18000 	/System/Library/PrivateFrameworks/Montreal.framework/Versions/A/Montreal
0x00007ff8277ed000 	/usr/lib/libcmph.dylib
0x00007ffc1f65a000 	/System/Library/PrivateFrameworks/GenerativeModelsFoundation.framework/Versions/A/GenerativeModelsFoundation
0x00007ffd21775000 	/System/Library/PrivateFrameworks/TokenGeneration.framework/Versions/A/TokenGeneration
0x00007ffc1f49a000 	/System/Library/PrivateFrameworks/GenerativeFunctions.framework/Versions/A/GenerativeFunctions
0x00007ffc1f4da000 	/System/Library/PrivateFrameworks/GenerativeFunctionsFoundation.framework/Versions/A/GenerativeFunctionsFoundation
0x00007ffc2adac000 	/System/Library/PrivateFrameworks/ModelCatalog.framework/Versions/A/ModelCatalog
0x00007ffd15906000 	/System/Library/PrivateFrameworks/SensitiveContentAnalysisML.framework/Versions/A/SensitiveContentAnalysisML
0x00007ffc1f554000 	/System/Library/PrivateFrameworks/GenerativeFunctionsInstrumentation.framework/Versions/A/GenerativeFunctionsInstrumentation
0x00007ffc3305c000 	/System/Library/PrivateFrameworks/PromptKit.framework/Versions/A/PromptKit
0x00007ffc32bb6000 	/System/Library/PrivateFrameworks/ProactiveDaemonSupport.framework/Versions/A/ProactiveDaemonSupport
0x00007ffc2b19e000 	/System/Library/PrivateFrameworks/ModelManagerServices.framework/Versions/A/ModelManagerServices
0x00007ffd2195b000 	/System/Library/PrivateFrameworks/TokenGenerationCore.framework/Versions/A/TokenGenerationCore
0x00007ffb2a859000 	/System/Library/PrivateFrameworks/AppleIntelligenceReporting.framework/Versions/A/AppleIntelligenceReporting
0x00007ffb2a545000 	/System/Library/PrivateFrameworks/AppleFlatBuffers.framework/Versions/A/AppleFlatBuffers
0x00007ffd15af1000 	/System/Library/PrivateFrameworks/SentencePieceInternal.framework/Versions/A/SentencePieceInternal
0x00007ff83053a000 	/System/Library/Frameworks/Vision.framework/Versions/A/Vision
0x00007ffb343b5000 	/System/Library/PrivateFrameworks/CoreSceneUnderstanding.framework/Versions/A/CoreSceneUnderstanding
0x00007ffd25df9000 	/System/Library/PrivateFrameworks/VisionCore.framework/Versions/A/VisionCore
0x00007ff92b92f000 	/System/Library/Frameworks/Vision.framework/libfaceCore.dylib
0x00007ff92c653000 	/System/Library/PrivateFrameworks/Futhark.framework/Versions/A/Futhark
0x00007ff9307ec000 	/System/Library/PrivateFrameworks/InertiaCam.framework/Versions/A/InertiaCam
0x00007ff92c3b8000 	/System/Library/PrivateFrameworks/TextRecognition.framework/Versions/A/TextRecognition
0x00007ff829348000 	/System/Library/PrivateFrameworks/CVNLP.framework/Versions/A/CVNLP
0x00007ff82215e000 	/System/Library/PrivateFrameworks/ApplePushService.framework/Versions/A/ApplePushService
0x00007ff8221c5000 	/System/Library/Frameworks/CloudKit.framework/Versions/A/CloudKit
0x00007ff836201000 	/System/Library/PrivateFrameworks/CoreDuetDaemonProtocol.framework/Versions/A/CoreDuetDaemonProtocol
0x00007ffa1918a000 	/System/Library/PrivateFrameworks/DeviceIdentity.framework/Versions/A/DeviceIdentity
0x00007ffb245ad000 	/System/Library/Frameworks/SharedWithYouCore.framework/Versions/A/SharedWithYouCore
0x00007ffb2e99f000 	/System/Library/PrivateFrameworks/CloudTelemetry.framework/Versions/A/CloudTelemetry
0x00007ff834b40000 	/System/Library/PrivateFrameworks/AppleAccount.framework/Versions/A/AppleAccount
0x00007ff83502e000 	/System/Library/PrivateFrameworks/C2.framework/Versions/A/C2
0x00007ffb2e653000 	/System/Library/PrivateFrameworks/CloudCoreInternal.framework/Versions/A/CloudCoreInternal
0x00007ffb2e459000 	/System/Library/PrivateFrameworks/CloudAsset.framework/Versions/A/CloudAsset
0x00007ff835026000 	/System/Library/Frameworks/PushKit.framework/Versions/A/PushKit
0x00007ffb2e9bb000 	/System/Library/PrivateFrameworks/CloudTelemetryTools.framework/Versions/A/CloudTelemetryTools
0x00007ff837099000 	/System/Library/PrivateFrameworks/RTCReporting.framework/Versions/A/RTCReporting
0x00007ffb26d71000 	/System/Library/PrivateFrameworks/AAAFoundationSwift.framework/Versions/A/AAAFoundationSwift
0x00007ff834d2b000 	/System/Library/PrivateFrameworks/AppleIDSSOAuthentication.framework/Versions/A/AppleIDSSOAuthentication
0x00007ff927a15000 	/System/Library/PrivateFrameworks/CaptiveNetwork.framework/Versions/A/CaptiveNetwork
0x00007ff8345d7000 	/System/Library/PrivateFrameworks/EAP8021X.framework/Versions/A/EAP8021X
0x00007ffb3478a000 	/System/Library/PrivateFrameworks/CryptoKitPrivate.framework/Versions/A/CryptoKitPrivate
0x00007ff921ad3000 	/System/Library/PrivateFrameworks/FindMyDevice.framework/Versions/A/FindMyDevice
0x00007ff91662a000 	/System/Library/PrivateFrameworks/FMCoreLite.framework/Versions/A/FMCoreLite
0x00007ff826903000 	/System/Library/Frameworks/ServiceManagement.framework/Versions/A/ServiceManagement
0x00007ffa16b2c000 	/System/Library/PrivateFrameworks/UIKitServices.framework/Versions/A/UIKitServices
0x00000001237a1000 	/System/Library/Extensions/AGXMetal13_3.bundle/Contents/MacOS/AGXMetal13_3
0x00007ff91ac3d000 	/System/Library/PrivateFrameworks/IOGPU.framework/Versions/A/IOGPU
0x00007ffa16cf1000 	/System/Library/PrivateFrameworks/AccessibilitySupport.framework/Versions/A/Frameworks/AccessibilityFoundation.framework/Versions/A/AccessibilityFoundation
0x00007ffd1d3bf000 	/System/Library/PrivateFrameworks/SpotlightKnowledge.framework/Versions/A/SpotlightKnowledge
0x00007ffc1580a000 	/System/Library/PrivateFrameworks/DocumentUnderstandingClient.framework/Versions/A/DocumentUnderstandingClient
0x00007ffd1d3a6000 	/System/Library/PrivateFrameworks/SpotlightEmbedding.framework/Versions/A/SpotlightEmbedding
0x00007ff81d0bd000 	/System/Library/PrivateFrameworks/SpotlightLinguistics.framework/Versions/A/SpotlightLinguistics
0x00007ffd1d580000 	/System/Library/PrivateFrameworks/SpotlightResources.framework/Versions/A/SpotlightResources
0x00007ff836584000 	/System/Library/PrivateFrameworks/SpotlightIndex.framework/Versions/A/SpotlightIndex
0x00007ff9279da000 	/System/Library/PrivateFrameworks/DataDeliveryServices.framework/Versions/A/DataDeliveryServices
0x00007ffb2e255000 	/System/Library/PrivateFrameworks/CipherML.framework/Versions/A/CipherML
0x00007ffc3037f000 	/System/Library/PrivateFrameworks/PegasusKit.framework/Versions/A/PegasusKit
0x00007ffd1e1f9000 	/System/Library/PrivateFrameworks/SwiftSQLite.framework/Versions/A/SwiftSQLite
0x00007ffd1f48e000 	/System/Library/PrivateFrameworks/TextInputUI.framework/Versions/A/TextInputUI
0x00007ffd1f4bf000 	/System/Library/PrivateFrameworks/TextInputUIMacHelper.framework/Versions/A/TextInputUIMacHelper
0x00007ff92c744000 	/System/Library/PrivateFrameworks/SafariPlatformSupport.framework/Versions/A/SafariPlatformSupport
0x00007ffb1fae8000 	/System/Library/Frameworks/FileProvider.framework/OverrideBundles/FileProviderOverride.bundle/Contents/MacOS/FileProviderOverride
0x00007ffb1faee000 	/System/Library/Frameworks/FileProvider.framework/OverrideBundles/FinderSyncCollaborationFileProviderOverride.bundle/Contents/MacOS/FinderSyncCollaborationFileProviderOverride
0x00007ffa1a3c6000 	/System/Library/PrivateFrameworks/FinderSyncPriv.framework/Versions/A/FinderSyncPriv
0x00007ffb1fb0c000 	/System/Library/Frameworks/FileProvider.framework/OverrideBundles/iCloudDriveFileProviderOverride.bundle/Contents/MacOS/iCloudDriveFileProviderOverride
0x00007ffb295b3000 	/System/Library/PrivateFrameworks/AppPredictionClient.framework/Versions/A/AppPredictionClient
0x00007ffd1c349000 	/System/Library/PrivateFrameworks/Sleep.framework/Versions/A/Sleep
0x00007ffd1d3b1000 	/System/Library/PrivateFrameworks/SpotlightFoundation.framework/Versions/A/SpotlightFoundation
0x00007ffc32c40000 	/System/Library/PrivateFrameworks/ProactivePredictionClient.framework/Versions/A/ProactivePredictionClient
0x00007ffb2f539000 	/System/Library/PrivateFrameworks/ContextualSuggestionClient.framework/Versions/A/ContextualSuggestionClient
0x00007ffb2020f000 	/System/Library/Frameworks/HealthKit.framework/Versions/A/HealthKit
0x00007ffb29820000 	/System/Library/PrivateFrameworks/AppPredictionFoundation.framework/Versions/A/AppPredictionFoundation
0x00007ffc210ff000 	/System/Library/PrivateFrameworks/HeroDataClient.framework/Versions/A/HeroDataClient
0x00007ffc32c71000 	/System/Library/PrivateFrameworks/ProactiveSuggestionClientModel.framework/Versions/A/ProactiveSuggestionClientModel
0x00007ffd23dd9000 	/System/Library/PrivateFrameworks/UserNotificationsSettings.framework/Versions/A/UserNotificationsSettings
0x00007ffc32b78000 	/System/Library/PrivateFrameworks/ProactiveContextClient.framework/Versions/A/ProactiveContextClient
0x00007ff934a5e000 	/System/Library/PrivateFrameworks/NetAppsUtilities.framework/Versions/A/NetAppsUtilities
0x00007ffd1c3d6000 	/System/Library/PrivateFrameworks/SleepHealth.framework/Versions/A/SleepHealth
0x00007ffb2ea48000 	/System/Library/PrivateFrameworks/Coherence.framework/Versions/A/Coherence
0x00007ff829a3e000 	/System/Library/PrivateFrameworks/Backup.framework/Versions/A/Backup
0x00007ffb280da000 	/System/Library/PrivateFrameworks/AccessibilityBundles.framework/Versions/A/AccessibilityBundles
0x0000000126df4000 	/Applications/Stata/utilities/java/macosx-x64/zulu-jre11.0.11/zulu-11.jre/Contents/Home/lib/jli/libjli.dylib
0x0000000134a18000 	/Applications/Stata/utilities/java/macosx-x64/zulu-jre11.0.11/zulu-11.jre/Contents/Home/lib/server/libjvm.dylib
0x0000000126bd6000 	/Applications/Stata/utilities/java/macosx-x64/zulu-jre11.0.11/zulu-11.jre/Contents/Home/lib/libverify.dylib
0x000000012bfd8000 	/Applications/Stata/utilities/java/macosx-x64/zulu-jre11.0.11/zulu-11.jre/Contents/Home/lib/libjava.dylib
0x0000000123340000 	/Applications/Stata/utilities/java/macosx-x64/zulu-jre11.0.11/zulu-11.jre/Contents/Home/lib/libjimage.dylib
0x0000000123638000 	/Applications/Stata/utilities/java/macosx-x64/zulu-jre11.0.11/zulu-11.jre/Contents/Home/lib/libzip.dylib
0x0000000126e23000 	/Applications/Stata/utilities/java/macosx-x64/zulu-jre11.0.11/zulu-11.jre/Contents/Home/lib/libnio.dylib
0x0000000127288000 	/Applications/Stata/utilities/java/macosx-x64/zulu-jre11.0.11/zulu-11.jre/Contents/Home/lib/libnet.dylib
0x00000001305dd000 	/Applications/Stata/utilities/java/macosx-x64/zulu-jre11.0.11/zulu-11.jre/Contents/Home/lib/libawt.dylib
0x0000000130d18000 	/Applications/Stata/utilities/java/macosx-x64/zulu-jre11.0.11/zulu-11.jre/Contents/Home/lib/libmlib_image.dylib
0x00007ffb20a23000 	/System/Library/Frameworks/JavaNativeFoundation.framework/Versions/A/JavaNativeFoundation
0x00007ffb20a2c000 	/System/Library/Frameworks/JavaRuntimeSupport.framework/Versions/A/JavaRuntimeSupport
0x0000000130e07000 	/Applications/Stata/utilities/java/macosx-x64/zulu-jre11.0.11/zulu-11.jre/Contents/Home/lib/libawt_lwawt.dylib
0x0000000130724000 	/Applications/Stata/utilities/java/macosx-x64/zulu-jre11.0.11/zulu-11.jre/Contents/Home/lib/libosxapp.dylib
0x00007ff91fbb2000 	/System/Library/Frameworks/ExceptionHandling.framework/Versions/A/ExceptionHandling
0x0000000126d08000 	/Applications/Stata/utilities/java/macosx-x64/zulu-jre11.0.11/zulu-11.jre/Contents/Home/lib/libfontmanager.dylib
0x0000000133264000 	/Applications/Stata/utilities/java/macosx-x64/zulu-jre11.0.11/zulu-11.jre/Contents/Home/lib/libharfbuzz.dylib
0x000000013347e000 	/Applications/Stata/utilities/java/macosx-x64/zulu-jre11.0.11/zulu-11.jre/Contents/Home/lib/libfreetype.dylib


VM Arguments:
jvm_args: -Xmx2048M -Xss2M -XX:ErrorFile=/dev/null 
java_command: <unknown>
java_class_path (initial): /Applications/Stata/utilities/jar/aspose-words-18.11-jdk16.jar:/Applications/Stata/utilities/jar/libstata-core.jar:/Applications/Stata/utilities/jar/libdeps-core.jar:/Applications/Stata/utilities/jar/sfi-api.jar:
Launcher Type: generic

[Global flags]
     intx CICompilerCount                          = 4                                         {product} {ergonomic}
     uint ConcGCThreads                            = 2                                         {product} {ergonomic}
    ccstr ErrorFile                                = /dev/null                                 {product} {command line}
     uint G1ConcRefinementThreads                  = 8                                         {product} {ergonomic}
   size_t G1HeapRegionSize                         = 1048576                                   {product} {ergonomic}
    uintx GCDrainStackTargetSize                   = 64                                        {product} {ergonomic}
   size_t InitialHeapSize                          = 134217728                                 {product} {ergonomic}
   size_t MarkStackSize                            = 4194304                                   {product} {ergonomic}
   size_t MaxHeapSize                              = 2147483648                                {product} {command line}
   size_t MaxNewSize                               = 1287651328                                {product} {ergonomic}
   size_t MinHeapDeltaBytes                        = 1048576                                   {product} {ergonomic}
    uintx NonNMethodCodeHeapSize                   = 5836300                                {pd product} {ergonomic}
    uintx NonProfiledCodeHeapSize                  = 122910970                              {pd product} {ergonomic}
    uintx ProfiledCodeHeapSize                     = 122910970                              {pd product} {ergonomic}
    uintx ReservedCodeCacheSize                    = 251658240                              {pd product} {ergonomic}
     bool SegmentedCodeCache                       = true                                      {product} {ergonomic}
     intx ThreadStackSize                          = 2048                                   {pd product} {command line}
     bool UseCompressedClassPointers               = true                                 {lp64_product} {ergonomic}
     bool UseCompressedOops                        = true                                 {lp64_product} {ergonomic}
     bool UseG1GC                                  = true                                      {product} {ergonomic}

Logging:
Log output configuration:
 #0: stdout all=warning uptime,level,tags
 #1: stderr all=off uptime,level,tags

Environment Variables:
PATH=/usr/bin:/bin:/usr/sbin:/sbin:/Applications/Stata/utilities/java/macosx-x64/zulu-jre11.0.11/bin
SHELL=/bin/zsh
LANG=en_US.UTF-8

Signal Handlers:
SIGSEGV: [libjvm.dylib+0x7c7700], sa_mask[0]=11111111111111111111111111111111, sa_flags=SA_ONSTACK|SA_RESTART|SA_SIGINFO
SIGBUS: [libjvm.dylib+0x7c7700], sa_mask[0]=11111111111111111111111111111111, sa_flags=SA_RESTART|SA_SIGINFO
SIGFPE: [libjvm.dylib+0x7c7700], sa_mask[0]=11111111111111111111111111111111, sa_flags=SA_RESTART|SA_SIGINFO
SIGPIPE: [libjvm.dylib+0x62a2a0], sa_mask[0]=11111111111111111111111111111111, sa_flags=SA_RESTART|SA_SIGINFO
SIGXFSZ: [libjvm.dylib+0x62a2a0], sa_mask[0]=11111111111111111111111111111111, sa_flags=SA_RESTART|SA_SIGINFO
SIGILL: [libjvm.dylib+0x7c7700], sa_mask[0]=11111111111111111111111111111111, sa_flags=SA_RESTART|SA_SIGINFO
SIGUSR2: [libjvm.dylib+0x62a885], sa_mask[0]=00000000000000000000000000000000, sa_flags=SA_RESTART|SA_SIGINFO
SIGHUP: [libjvm.dylib+0x629397], sa_mask[0]=11111111111111111111111111111111, sa_flags=SA_RESTART|SA_SIGINFO
SIGINT: [libjvm.dylib+0x629397], sa_mask[0]=11111111111111111111111111111111, sa_flags=SA_RESTART|SA_SIGINFO
SIGTERM: [libjvm.dylib+0x629397], sa_mask[0]=11111111111111111111111111111111, sa_flags=SA_RESTART|SA_SIGINFO
SIGQUIT: [libjvm.dylib+0x629397], sa_mask[0]=11111111111111111111111111111111, sa_flags=SA_RESTART|SA_SIGINFO


---------------  S Y S T E M  ---------------

OS:uname:Darwin 25.2.0 Darwin Kernel Version 25.2.0: Tue Nov 18 21:09:55 PST 2025; root:xnu-12377.61.12~1/RELEASE_ARM64_T8103 x86_64
OS uptime: 0 days 17:40 hours
rlimit (soft/hard): STACK 8176k/65520k , CORE 0k/infinity , NPROC 1333/2000 , NOFILE 10240/infinity , AS infinity/infinity , CPU infinity/infinity , DATA infinity/infinity , FSIZE infinity/infinity , MEMLOCK infinity/infinity , RSS infinity/infinity
load average:5.15 5.52 6.71

CPU:total 8 (initial active 8) (1 cores per cpu, 1 threads per core) family 6 model 44 stepping 0 microcode 0x0, cmov, cx8, fxsr, mmx, sse, sse2, sse3, ssse3, sse4.1, sse4.2, popcnt, aes, clmul, tsc, tscinvbit, tscinv

Memory: 4k page, physical 8388608k(40800k free), swap 5242880k(1207424k free)

vm_info: OpenJDK 64-Bit Server VM (11.0.11+9-LTS) for bsd-amd64 JRE (Zulu11.48+21-CA) (11.0.11+9-LTS), built on Apr  4 2021 08:04:15 by "zulu_re" with gcc 4.2.1 Compatible Apple LLVM 9.1.0 (clang-902.0.39.2)

END.
